Shop Name,Contact,Adress,State,City,GST
Primary,0,Primary,Primary,Primary,
Momentus unisex salon,9911374418,E block krishna nagar near capital lab,Delhi,East delhi,
Unique Unisex Salon,0,494H+MFV, Dhauladhar Colony, Nagrota Bagwan, Himachal Pradesh 176047, India,Punjab,Amritsar,
Roop shringar,9873335575,A18 near maan property lal bagh loni,Delhi,East delhi,
Anjali Beauty Parlour,9891128306,D-418, Mandawali, West Vinod Nagar, Near Mahesh Hospital, Delhi- 110092,Uttar Pradesh,Noida,
Bs baba salon,0,Shaheen bagh okhla,Delhi,Delhi,
Z&U salon,97189 76242,Masjid moth south delhi,Delhi,Delhi,
Momentus  unisex salon,9911374418,E block krishna nagar near capital lab,Delhi,East delhi,
Primary,0,Primary,Primary,Primary,
DIVA MAKEUP STUDIO,81713 62523,Hapur Railway Road,Uttar Pradesh,Noida,
Headlines Pro Unisex Salon,9958205398,F-82/2, F Block, Pocket F, Sector 20, Noida, Uttar Pradesh 201301,Uttar Pradesh,Noida,
Headlines Pro Unisex Salon,9958205398,F-82/2, F Block, Pocket F, Sector 20, Noida, Uttar Pradesh 201301,Uttar Pradesh,Noida,
Unique Unisex Salon,9953335418,21, Pan Osis, Noida, Uttar Pradesh 201301,Uttar Pradesh,Noida,
Black and blonde,0,Shop no. A- 89, girja devi marg, near bhatiya chowk,kamla nagar delhi ,Delhi,Delhi,
Apt beauty care,9990121127,,Delhi,East delhi,
Aaina beauty parlour,8851221012,Central mkt ashok vihar phase 2,Delhi,East delhi,
Hair rituals salon,99978 68788,Sector 10, faridabad ,Haryana,Faridabad,
The Bridal Dream Palace Makeup studio & Academy,7817835770,,Uttar Pradesh,Ghaziabad,
Hair expert unisex salon,7011535837,A 90 kamla nagar bhatia chowk near icici bank,Delhi,North delhi,
Women villa beauty care clinic,9312616131,BH 457 East opp. Miglani chemist shalimar bagh delhi 110088,Delhi,North delhi,
Divine beauty expert,817896781,BB 5A west shalimar bagh delhi,Delhi,North,
The Head Master Unisex  Sharik,81710 47421,Raj Nagar Ghaziabad,Uttar Pradesh,Ghaziabad,
Monaliza makeup studio and acedmy,9999486480,13/341 geeta colony delhi 31,Delhi,East delhi,
Juhi Auras,0,PQHJ+XQX, Mani Pakka Bagh, Hapur, Uttar Pradesh 245101, India,Delhi,East Delhi,
Shraddha Singh Makeover,7827803844,B9/707, Ecovillage 1, Bisarakh Jalalpur, Greater Noida West-201306,Uttar Pradesh,Noida,
Ajju salon,97111 07120,Amar colony, lajpat nagar delhi ,Delhi,Delhi,
Pooja Makeup Studio,0,Shop No. 2, FF, Central Market, AWHO Township, Greater Noida,Delhi,Delhi,
Dulhan makeup studio,0,M79Q+9MV Gupta's 17/1B, Bholanath Nagar Marg, Bhola Nath Nagar, Pathan Pura, Shahdara, Delhi, 110032, India,Delhi,New Delhi,
The Hair Stores Unisex Salon,0,JCC9+FV4, Gaur City 2, Ghaziabad, Chipyana Khurd Urf Tigri, Uttar Pradesh 201009, India,Delhi,Delhi,
Khushboo makeup studio,9990626932,Mandoli road  ram nagar shahdara,Delhi,East delhi,
B Blush Unisex Salon Mohan Nagar,0,World Scored Mall Mohan Nagar Ghaziabad,Uttar Pradesh,Ghaziabad,
Star angel beauty salon,9873123149,Vishwas nagr Pandav road shahdara,Delhu,East delhi,
Price Attack Unisex Salon Sastri Nagar,82874 26034,Sastri Nagar Hapur Road Ghaziabad,Uttar Pradesh,Ghaziabad,
The Beauty Lounge Unisex Salon,8527676666,Shop No-2 1 Floor, Jagram Complex, opp. Wave Silver Tower, Noida Sector 18, Atta Market, Pocket E, Sector 27, Noida, Uttar Pradesh 201301,Uttar Pradesh,Noida,
FS Luxury Salon,8588000120,Tulip Mall, B-10, 146, Opposite Gardenia Glory, B Block, Sector 46, Noida, Uttar Pradesh 201303,Uttar Pradesh,Noida,
Simranjeet makeover,0,B/151, Rampuri, Block B, Surya Nagar, Ghaziabad, Uttar Pradesh 201011, India,Delhi,Delhi,
Lovely Unisex Salon Rakesh marg,0,Rakesh Marg Ghaziabad,Uttar Pradesh,Ghaziabad,
Hair flicks salon,0,Amar colony Lajpat Nagar Delhi,Delhi,Delhi,
Boddys makeover,9873181606,Shivaji park shahdara,Delhi,East delhi,
Dulhan salon,0,Bawana delhi,Delhi,Delhi,
WS Unisex Salon,0,Som Bazar East Delhi,Uttar Pradesh,Ghaziabad,
HSM Unisex Salon,84472 42895,Mahagun mall Vashali Ghaziabad,Uttar Pradesh,Ghaziabad,
Women hut makeup studio,8447544948,Poket d. 741 block d dilshad garden east delhi,Delhi,East delhi,
Wonder cut unisex salon,9899214321,Krishna nagar near raghu nath nagar,Delhi,East delhi,
Waseem sangeeta makeover,9650717106,Som bazar mkt krishna nagar near shah namkeen,Delhi,East delhi,
Grace salon Fzr,8591906806,Malwal Road, opposite Pantajli Store, Phase II, Vikas Colony, Firozpur, Punjab 152002,Punjab,Firozepur city,
Al habib unisex salon,0,B923, Pocket B, Block A, GTB Enclave, Dilshad Garden, New Delhi, Delhi, 110095, India,Delhi,New Delhi,
S&A Beuty Salon,9810367264,C Block Market, Sec 39, Noida 201301,Uttar Pradesh,Noida,
Rewind Looks Unisex Salon,99719 53687,Gr Noida,Uttar Pradesh,Noida,
fs luxury unisex salon,0,G9X7+P44, B Block, Gardenia Glory, Sector 46, Noida, Uttar Pradesh 201303, India,Uttar Pradesh,Noida,
TR beauty salon,98735 18587,Lajpat Nagar Delhi,Delhi,Delhi,
Anika Makeover Studio,0,Avantika Sastri Nagar Ghaziabad,Uttar Pradesh,Ghaziabad,
The Glam Studio Unisex Salon,76683 55305,Avantika Sastri Nagar Ghaziabad,Uttar Pradesh,Ghaziabad,
Honey Beauty Salon,0,C2, C Block, Pocket C, Sector 19, Noida, Uttar Pradesh 201301, India,Delhi,Delhi,
Canvas Makeover Unisex Salon,7988379750,67, Niti Khand 3, Manoj Vihar, Indirapuram, Ghaziabad, Uttar Pradesh 201012,Uttar Pradesh,Noida,
Orchid Unisex Salon Vashali,96544 40603,Vashali Sec 4,Uttar Pradesh,Ghaziabad,
Blooming beauty salon,98180 16381,Amar colony Lajpat Nagar Delhi,Delhi,Delhi,
Maven salon,0,Janakpuri delhi,Delhi,Delhi,
Scissor sound salon,9971496133,Shop no. 3, budh bazar, hargovind enclave, chattarpur delhi ,Delhi,Delhi,
Hair point salon,0,Near kukreja hospital, mayur vihar phase 1 delhi ,Delhi,Delhi,
Headlines Pro Salon,0,F89, F Block, Pocket F, Sector 20, Noida, Uttar Pradesh 201301, India,Delhi,Delhi,
New Century Beauty Salon,9818127681,F-142, Jagatpuri, Krishna Nagar Delhi,Uttar Pradesh,Noida,
FS Luxury Salon,0,Building, B Block, Gardenia Glory, Sector 46, Noida, Uttar Pradesh 201303, India,Delhi,Delhi,
Lakme Beauty Parlour,7985945863,Bhullanpur Nathpur near PSC camp,Uttar Pradesh,Varanasi,
Hair n shanti,98738 98066,South X delhi,Delhi,Delhi,Hair n shanti (Delhi)
Hair N Glam  (Delhi ),99999 43476,lajpat Nagar Delhi ,Delhi ,Delhi ,
Gutzy Unisex Salon  (Delhi ),99996 67457,Bhola Nath Nagar ,East Delhi ,Delhi ,
Bella N Guy Unisex Salon  (Ghaziabad),99996 01212,Ghaziabad ,Uttar Pradesh,Ghaziabad,
Jawed Habib  (Noida),99993 93950,Sector 56, noida ,Uttar Pradesh,Noida,
Habibs Salon  (Noida),99993 3950,Sector 56 noida ,Uttar Pradesh,Noida,
Jawed Habib Unisex Salon  (Noida ),99993 2083,Sector 56 noida ,Uttar Pradesh ,Noida ,
Bns Enterprises  (Noida),99990 85812,Sec 56, Noida ,Uttar Pradesh ,Noida,
Skin Alive Unisex Salon  (Delhi),99963 19550,Amar Colony, South Delhi, Delhi,Delhi ,Delhi,
Delhi Beauty Point (Delhi),99905 53552,Main Mkt yamuna Vihar ,East Delhi ,Delhi,
Prime Unisex Salon Rajender Nagra  (Abhepur),998-051-0440,Sec-17,Haryana,Abhepur,
Iora (Karnal),99719 53687,Sec-17,Haryana,Karnal,
Rewind Looks Unisex Salon  (Ghaziabad ),99719 12121,Rajender Nagar Sahibabad Gahziyabad ,Uttar Pradesh,Ghaziabad ,
Palette  Luxury Unisex Salon  (Mysore),99718 03587,GOKULAM ,Karnataka,Mysore,
Morden Unisex Salon  (Noida),997-009-9816, Gr Noida ,Uttar Pradesh,Noida,
Morden Unisex Salon (Noida ),99589 27006,Gr Noida ,Uttar Pradesh,Noida ,
Shubham Beauty Parlour  (East Delhi ),99588 35432,AGCR Karkardoma ,Delhi ,East Delhi ,
Total Care  Unisex Salon  (Delhi),99586 55110,Babarpur Shahdara ,Delhi,Delhi,
Orane Academy  (East Delhi ),99580 77524,Balbir Nagar Shahdara ,Uttar Pradesh,East Delhi ,
Vida Unisex Salon  (Nagpur ),99580 67885,Hingna ,Maharashtra ,Nagpur ,
Clara Salon  (East Delhi ),99536 45254,AGCR Karkardoma ,Delhi ,East Delhi ,
Al Habib Salon (Delhi ),99530 88684,Janakpuri delhi ,Delhi ,Delhi ,
Al Habib  (Ghaziabad ),994-586-3363,Rajender Nagar Sahibabad Ghaziabad ,Uttar Pradesh,Ghaziabad ,
Royal Era Unisex Salon  (Ghaziabad ),994-561-6118,Rajendra Nagar Ghaziabad ,Uttar Pradesh,Ghaziabad ,
Angle Salon  (Delhi ),99452 48414,South X part 1 Delhi ,Delhi ,Delhi ,
Soundarya  (Delhi ),992-304-5409,Kamla nagar delhi ,Delhi ,Delhi ,
Safe Touch (Delhi ),99195 07647,Kamla Nagar Delhi ,Delhi ,Delhi ,
Proelite (Delhi),99188 60544,Babarpur Road Shahdara ,Delhi,Delhi,
Rajshree Beauty Parlour  (Delhi ),99117 77297,Safdarjung enclave Delhi ,Delhi ,Delhi ,
Raj Shree Beauty Parlour  (Mysore),99113 44398,Rajkumar road,Karnataka,Mysore,
Raj Shree Make Over  (Mysore),99111 49258,Hebbal ,Karnataka,Mysore,
Fast Fashion Unisex Salon  (Mysore),99110 00775,Agrahara,Karnataka,Mysore,
Khushi Beauty Salons  (Nagpur ),99105 21050,Takli Godhni ,Maharashtra ,Nagpur ,
B Blush Unisex Salon  (Nagpur ),99102 27864,Godhni Road ,Maharashtra ,Nagpur ,
Anika  Beauty Studio  (Nagpur ),99026 45157,Godhni Road ,Maharashtra ,Nagpur ,
Anika Makeover Studio  (Nagpur ),990-235-5538,Takli Godhni Road ,Maharashtra ,Nagpur ,
Minakshi Beauty Salon  (Gorakhpur),99016 67866,Purani Basti road Basti ,Uttar Pradesh,Gorakhpur,
Amara Salon  (Kanpur),990-108-8551,Indra nagar ,Uttar Pradesh,Kanpur,
Makeover By Preeti Daswani Unisex Salon  (Ghaziabad ),99 45 695760,World Scored Mall Mohan Nagar Ghaziabad ,Uttar Pradesh,Ghaziabad ,
Avon  (Ghaziabad ),98997 29629,Avantika Shastri Nagar Ghaziabad ,Uttar Pradesh,Ghaziabad ,
Sizzles (Utter Pradesh ),98996 22822,Shastri Nagar Ghaziabad ,Ghaziabad ,Utter Pradesh ,
Narees (Delhi ),98993 43343,Maharani Bagh new friends colony delhi ,Delhi ,Delhi ,
Kushis (Delhi ),98992 68320,New friends colony delhi ,Delhi ,Delhi ,
Style (Delhi ),98992 14321,Maharani Bagh new friends colony ,Delhi ,Delhi ,
Enrich Unisex Salon  (Delhi ),98990 86767,Kamla Nagar Delhi ,Delhi ,Delhi ,
Lovely Unisex Salon  (Noida ),98977 60299,Gr Noida ,Uttar Pradesh,Noida ,
Absolute Unisex Salon  (Delhi ),98977 60298,Hari nagar , ashram Delhi ,Delhi ,Delhi ,
Absolute Beauty And Hair Studio  (Itanagar),98903 76247,Rajeevnagar ,Arunachal Pradesh,Itanagar,
Absolute Hair & Beauty Salon (Mysore),988-141-2353,Kuvempunagar ,Karnataka,Mysore,
 Stylria Make Studio  (Mysore),988-099-4092,Agrahara,Karnataka,Mysore,
Wonder Cut  Unisex Salon  (Mysore),98739 05766,Hebbal ,Karnataka,Mysore,
Figure N Face  (Abbigeri),98738 98066,Kuvempunagar ,Karnataka,Abbigeri,
Looks  (Delhi ),98735 18587,Geeta Colony ,East Delhi ,Delhi ,
Looks Salon  (Ghaziabad ),98733 77798,Rakesh marg Ghaziabad ,Uttar Pradesh,Ghaziabad ,
B.H Baba  (Ghaziabad ),98715 19193,Nheru Nagar Ghaziabad Ashok Nagar ,Uttar Pradesh,Ghaziabad ,
Mahima Beauty Parlour  (Ghaziabad ),98714 87709,Ashok Nagar Nehru Nagar Ghaziabad ,Uttar Pradesh,Ghaziabad ,
Amol Salon  (Utter Pradesh ),98712 77958,Ashok Nagar Nheru Nagar Ghaziabad ,Ghaziabad ,Utter Pradesh ,
Magic Mirror  (East Delhi ),98712 27928,Shivaji Park  Rhotash Nagar Shahdara ,Shahdara ,East Delhi ,
Asmi  Unisex Salon  (East Delhi ),98703 19614,Krishna Nagar ,Delhi ,East Delhi ,
Asmi Makeup Studio  (Delhi ),98458 68817,Gautam nagar delhi ,Delhi ,Delhi ,
Hair N Shanti  (Delhi ),98451 91355,Okhla jamia nagar delhi ,Delhi ,Delhi ,
Tr Beauty Salon  (Delhi ),984-437-6965,Shaheen bagh okhla delhi ,Delhi ,Delhi ,
Tr Beauty  (Delhi ),98441 21444,Okhla jamia nagar delhi ,Delhi ,Delhi ,
Eliza Unisex Salon  (Nagpur),98386 67212,Friends colony ,Maharashtra,Nagpur,
Bliss Salon  (Nagpur ),98381 96424,Khamla ,Maharashtra ,Nagpur ,
Divya Makeover Studio  (Mysore),98323 90419,Rajeevnagar,Karnataka,Mysore,
Blooming Beauty Salon  (Mysore),98188 66210,Rajeevnagar ,Karnataka,Mysore,
Isha Makeover  (Delhi),98184 76551,Babarpur Shahdara ,Delhi,Delhi,
N.H Baba  (East Delhi ),98182 29933,Babarpur Road Rhotash Nagar Shahdara ,Delhi ,East Delhi ,
B.H Baba Salon  (East Delhi ),98182 12788,Babarpur Road Shahdara Rhotash Nagar ,Shahdara ,East Delhi ,
P And P Unisex Salon  (Delhi ),98180 21987,South X delhi ,Delhi ,Delhi ,
Bhuvanas  (Delhi ),98180 16381,South X part 2 Delhi ,Delhi ,Delhi ,
Shine (Delhi ),98141 31478,Lajpat Nagar Delhi ,Delhi ,Delhi ,
Grace Beauty Salon  (Delhi ),98119 14882,Lajpat Nagar Delhi ,Delhi ,Delhi ,
Kmo Unisex Salon  (Delhi ),98116 66652,Geeta Colony ,East Delhi ,Delhi ,
Nature'S Beauty Salon  (Delhi ),98115 30930,Kamla Nagar Delhi ,Delhi ,Delhi ,
Style Studio  (Varanasi ),98109 52217,Meerapur Basahi Road Varanasi ,Uttar Pradesh,Varanasi ,
Ikonic Unisex Salon (Delhi ),98105 60740,Amar colony Lajpat Nagar Delhi ,Delhi ,Delhi ,
Ikonic Unisex Salon  (Delhi ),98104 65203,lajpat Nagar Delhi ,Delhi ,Delhi ,
Jain Distributer Ms Park (Delhi ),98103 77097,Shaheen bagh okhla ,Delhi ,Delhi ,
Silk Salon  (Delhi ),98 23 618532,Shaheen bagh okhla delhi ,Delhi ,Delhi ,
Geeta Charms Salon (Bangalore),98 22 177266,Anjanapura ,Karnataka,Bangalore,
Oud Salon  (Abbigeri),97950 00036,Koramangala ,Karnataka,Abbigeri,
Ws Unisex Salon  (Mysore),97944 13106,GOKULAM ,Karnataka,Mysore,
Hair Exo  (Bangalore),976-631-2369,Arekere ,Karnataka,Bangalore,
Els By Jawed Unisex Salon  (Gorakhpur),97659 73700,City Mall road Civil line gorakhpur ,Uttar Pradesh,Gorakhpur,
Aativa Salon  (Govardhan),976-511-2509,Main market khalilabad ,Uttar Pradesh,Govardhan,
Makeover Unisex Salon  (Shiliguri),97608 73096,Iskcon road,West Bengal,Shiliguri,
Meena Platinum Unisex Salon  (Ghaziabad ),97595 33126,Shalimar Garden Ghaziabad ,Uttar Pradesh,Ghaziabad ,
Allure Salon  (Ghaziabad ),974-239-3825,Shalimar Garden Ghaziabad ,Uttar Pradesh,Ghaziabad ,
Meri Beauty Parlour  (Shahdara ),974-120-0982,MS Park Shahdara ,East Delhi ,Shahdara ,
Exotica Beauty Parlour  (Delhi ),974-072-8842,South X delhi ,Delhi ,Delhi ,
Cosmoline Unisex Salon  (East Delhi ),97396 02809,Naveen Shahdara ,Uttar Pradesh,East Delhi ,
Classic Beauty Clinic & Academy  (Utter Pradesh ),97206 89438,Shastri Nagar Ghaziabad ,Ghaziabad ,Utter Pradesh ,
Classic Beauty Salon  (Delhi ),97189 76242,Amar colony Lajpat Nagar Delhi ,Delhi ,Delhi ,
Sharda Beauty Parlour  (Delhi ),97187 56677,Janakpuri delhi ,Delhi ,Delhi ,
Blush Beauty Salon  (Delhi ),97182 98079,Janakpuri ,Delhi ,Delhi ,
Madhurima Make Over  (East Delhi ),97182 54018,Som Bazar Krishna Nagar ,Delhi ,East Delhi ,
Juhi Unisex Salon  (Delhi ),97162 08831,Shalimar Bagh delhi ,Delhi ,Delhi ,
Juhi Aura Unisex Studio  (Delhi),97115 34027,Main Mkt yamuna Vihar ,East Delhi ,Delhi,
Ravneet Makeover  (Delhi ),97113 72220,Kalka ji delhi ,Delhi ,Delhi ,
Soundarya (Ghaziabad ),97111 91937,Rakesh marg Nehru Nagar Ghaziabad ,Uttar Pradesh,Ghaziabad ,
Fairy Dum (Delhi ),97111 81911,Sawastya Vihar ,East Delhi ,Delhi ,
Fashion (Delhi ),97111 45285,Central market lajpat Nagar Delhi ,Delhi ,Delhi ,
Glamvi Salon  (Nagpur ),97111 07120,Nandanvan cement Road ,Maharashtra ,Nagpur ,
Belle Femme  (Nagpur ),970991780q,Ram nagar ,Maharashtra ,Nagpur ,
Z&U Salon  (Gorakhpur),97090 90123,Sales tex office taramandal Gorakhpur ,Uttar Pradesh,Gorakhpur,
Smooth  Styling  (Gorakhpur),97023 24090,Golghar gorakhpur ,Uttar Pradesh,Gorakhpur,
Z&U Unisex Salon  (Gorakhpur),96969 48794,Gandhi gali golghar gorakhpur ,Uttar Pradesh,Gorakhpur,
Jd Salon  (Nagpur),969060250q,Dattawadi ,Maharashtra,Nagpur,
Root Salon  (Nagpur ),968-686-5673,Hingna ,Maharashtra ,Nagpur ,
Infinity Unisex Salon  (Nagpur),96670 26268,Nari road ,Maharashtra,Nagpur,
Infinity Unisex Salon By Kazim (Nagpur ),966-507-6911,Nara road ,Maharashtra ,Nagpur ,
Anmol Salon   (Ghaziabad ),96544 40603,Hapur main road,Uttar Pradesh,Ghaziabad ,
Aquilas  Luxury Unisex Salon  (Hapur),96503 26356,Hapur Railway road ,Uttar Pradesh,Hapur,
Beauty Bells Salon  (Gorakhpur),96435 74221,Main market khalilabad ,Uttar Pradesh,Gorakhpur,
D Look Unisex Salon  (Mysore),96323 54628,Vijaynagar ,Karnataka,Mysore,
Ajju Salon  (Mysore),963-220-7502,Vijaynagar ,Karnataka,Mysore,
Vr Unisex (Mysore),96287 89148,Vijaynagar ,Karnataka,Mysore,
World Cosmetics  (Bangalore),962-362-1566,Btm layout ,Karnataka,Bangalore,
Blonde (Saharanpur ),96233 94442,Mission compund,Up,Saharanpur ,
Jawad Habib Panki  (Delhi ),96005 21955,Masjid moth, south x delhi ,Delhi ,Delhi ,
Get Grougious Bridal Salon  (Delhi ),96 23 394442,Shaheen bagh okhla delhi ,Delhi ,Delhi ,
Kayaka (Delhi ),95994 03755,South X delhi ,Delhi ,Delhi ,
Pooja Sharma Mekover  (Delhi ),95992 28235,Shaheen bagh okhla ,Delhi ,Delhi ,
White Glow Beauty Parlour  (Delhi ),95991 89787,Shaheen bagh okhla delhi ,Delhi ,Delhi ,
Orchid Unisex Salon  (Faridabad ),95980 70555,Green field faridabad ,Haryana ,Faridabad ,
Versatile Unisex Salon  (Ghaziabad ),959-507-5177,Niho mall indrapuram Ghaziabad ,Uttar Pradesh,Ghaziabad ,
Blade Unisex Salon (Ghaziabad ),95894 10397,Niho mall indrapuram Ghaziabad ,Uttar Pradesh,Ghaziabad ,
Royal Madona Salon (Noida),95829 95023,Niho mall Indrapuram Ghaziabad ,Uttar Pradesh,Noida,
Monika Makeover  (Delhi ),95825 2786,Safdarjung enclave Delhi ,Delhi ,Delhi ,
Grace (East Delhi ),957-958-6950,Krishna Nagar ,Delhi ,East Delhi ,
Kee Kaa Unisex Salon  (Delhi ),95668 90326,Ashok vihar delhi ,Delhi ,Delhi ,
Shri Mahalakshmi Beauty Parlour  (Utter Pradesh ),956-130-8099,Shastri Nagar Ghaziabad ,Ghaziabad ,Utter Pradesh ,
Mirror Beauty Zone  (Delhi ),95608 12879,Amar colony Lajpat Nagar Delhi ,Delhi ,Delhi ,
Mikel Unisex Salon (Jodhpur ),95608 12867,Sardarpura d road,Rajsthan ,Jodhpur ,
Mirror Beauty Parlour  (Jamshedpur),95608 12835,H No.365, Line No.12, Kashidih, Sakchi,Jharkhand,Jamshedpur,
Black Scissor Unisex Salon  (Mumbai ),95605 17996,Dadar,Maharashtra ,Mumbai ,
Hair Office  (Kanpur),95602 27989,Panki ,Uttar Pradesh,Kanpur,
The Aura Unisex Salon (Jodhpur),95578 09786,Sardarpura ,Rajasthan,Jodhpur,
Gleam Studio Unisex Salon  (Mysore),95573 43777,Vijaynagar ,Karnataka,Mysore,
New Look Beauty Parlour  (Mysore),95571 63591,Rajeevnagar,Karnataka,Mysore,
Lavanya Salon (Diglipur),95556 45556,Sec 104  zara awas,Andaman and Nicobar Islands,Diglipur,
Hush Unisex Salon  (Nagpur ),95551 15070,Ram nagar ,Maharashtra ,Nagpur ,
Classic Looks Unisex Salon  (Ghaziabad ),95526 11937,Vashali sec 4 Ghaziabad ,Uttar Pradesh,Ghaziabad ,
Ultimate Beauty Salon  (Ghaziabad ),955-220-8313,Rakesh Marg Nheru Nagar Ghaziabad ,Uttar Pradesh,Ghaziabad ,
Creme Salon  (Ghaziabad ),95522 09495,Rakesh marg Ghaziabad ,Uttar Pradesh,Ghaziabad ,
Shamraz Beauty Parlour  (East Delhi ),95518 51895,Bhola Nath Nagar Shahdara ,Delhi ,East Delhi ,
Hair Wizard Unisex Salon  (Bazpur ),954-503-7684,,Uttrakhand ,Bazpur ,
Vama Layers  (Jaspur),953-847-2488,,Uttrakhand ,Jaspur,
Hair Affair Salon  (Abbigeri),95343 94810,Kuvempunagar ,Karnataka,Abbigeri,
Jindal Ajency  (Kanpur),94506 85324,Tilak Nagar ,Uttar Pradesh,Kanpur,
Sa Ikou Salon  (Butibori ),944-988-2544,Butibori ,Maharashtra ,Butibori ,
Apsara Unisex Salon Hapur  (Nagpur ),94486 47223,Borgaon ,Maharashtra ,Nagpur ,
 Apsara Unisex Studio  (Salem),94236 34646,Railway station road,Tamilnadu ,Salem,
Meenakshi Dutt  (Nagpur ),94153 39241,Borgaon ,Maharashtra ,Nagpur ,
The Family Unisex Salon  (Nagpur ),937-391-5616,Takli Godhni Road ,Maharashtra ,Nagpur ,
Glam Stories  (Ghaziabad ),937-349-4888,Sastri Nagar Ghaziabad ,Uttar Pradesh,Ghaziabad ,
Haven Unisex Salon  (Delhi ),937-321-0790,Janakpuri delhi ,Delhi ,Delhi ,
Nice Make Over  (Ghaziabad),93716 37387,Rajender Nagar Sahibabad Ghaziabad ,Uttar Pradesh,Ghaziabad,
Arti Beauty Zone  (Gorakhpur),937-047-0654,Gorakhnath temple road gorakhpur ,Uttar Pradesh,Gorakhpur,
Bhaavya Kapoor  (Nagpur),93549 52194,Wadi ,Maharashtra,Nagpur,
Modern Beauty Parlour  (Raipur ),93367 14510,Ambuja mall,Chattisgarh ,Raipur ,
Beauty Zone (Delhi),93353 53599,Main Mkt Shakarpur ,East Delhi ,Delhi,
Kriti Beauty Parlour  (Noida),93193 57738,Sec 75, Noida,Uttar Pradesh,Noida,
Patanjali Makeover  (Nagpur ),93192 43936,Sugat nagar ,Maharashtra ,Nagpur ,
Mac (Delhi ),93150 13950,South X delhi ,Delhi ,Delhi ,
Ashu (Nagpur),93137 84699,Anand Nagar ,Maharashtra,Nagpur,
Pearl Beauty Parlour  (Nagpur ),93114 77888,Anand Nagar ,Maharashtra ,Nagpur ,
Silky Care Beauty Salon  (Nagpur ),93009 11331,Telephone exchange ,Maharashtra ,Nagpur ,
Huma Beauty Parlour  (Delhi ),9289 410864,Janakpuri delhi ,Delhi ,Delhi ,
Life Style Salon  (Delhi ),92845 80252,Janakpuri delhi ,Delhi ,Delhi ,
Sona Beauty Parlour  (Delhi ),92207 24025,Janakpuri delhi ,Delhi ,Delhi ,
Kaavya Unisex Salon  (Noida),92137 99167,Nheru Nagar Gahziyabad ,Uttar Pradesh,Noida,
Sanju Barbar Unisex Salon  (Utter pradesh ),92127 71983,Nehru Nagar Ghaziabad ,Ghaziabad ,Utter pradesh ,
The Glam Factor  (Utter pradesh ),92114 68670,Nheru Nagar Ghaziabad ,Ghaziabad ,Utter pradesh ,
Seema Makeup Studio @ Salon  (Delhi ),92055 24741,Amar colony Lajpat Nagar Delhi ,Delhi ,Delhi ,
Pr Hair & Makeup Studio  (Ghaziabad ),917-212-1466,Hapur Main Road ,Uttar Pradesh,Ghaziabad ,
Pr Hair And Makeup Studio  (Hapur),916-817-6065,Hapur Delhi road ,Uttar Pradesh,Hapur,
The Hair Haven (Diglipur),915-687-0488,D D Punam Bareilly ,Andaman and Nicobar Islands,Diglipur,
The Hindu Family Unisex Salon  (Ghaziabad ),91491 64661,Preet Vihar Hapur Delhi Road,Uttar Pradesh,Ghaziabad ,
Oud Salon By Aman Malik  (Hapur),91491 37264,Hapur Delhi road ,Uttar Pradesh,Hapur,
Sakhi Beauty Studio  (Delhi ),91204 32363,Kalka ji delhi ,Delhi ,Delhi ,
Sakshi Makeup Studio  (Ghaziabad ),91198 27195,Gyan Khand 2 indrapuram Ghaziabad ,Uttar Pradesh,Ghaziabad ,
Shakhi Beauty Studio  (Nagpur),91 99904 32631,Indora chowk ,Maharashtra,Nagpur,
S. V Enterprise  (Nagpur ),91 98996 22822,Shanti nagar ,Maharashtra ,Nagpur ,
Cuts Salon  (Nagpur),91 98995 96045,Jaripatka ,Maharashtra,Nagpur,
Shubham Geeta Makeover  (Kanpur),91 98733 83023,Swaroop Nagar ,Uttar Pradesh,Kanpur,
Pallavi Beauty Parlour  (Nagpur),91 98608 83953,Dattawadi ,Maharashtra,Nagpur,
Kzm Unisex Salon (Mysore),91 98210 67101,Agrahara,Karnataka,Mysore,
Lords Makeover  (Jamshedpur),91 98119 14882,Vijay Garden Near Gate No.2, Hurlung Road, Baridih,Jharkhand,Jamshedpur,
Mafinity Unisex Salon  (Gorakhpur),91 97584 30870,New colony Deoria ,Uttar Pradesh,Gorakhpur,
Vinay Madona Salon (Abbigeri),91 96738 23497,Hebbal ,Karnataka,Abbigeri,
Price Attack Unisex Salon  (Mysore),91 95551 20100,Agrahara,Karnataka,Mysore,
Infinity Beauty Parlour  (Nagpur ),91 95154 32007,Dharampeth ,Maharashtra ,Nagpur ,
Shuruti Make Over  (Gorakhpur),91 93156 80183,Town hall kachahari road gorakhpur ,Uttar Pradesh,Gorakhpur,
Arohi Beauty Parlour  (Nagpur ),91 91165 05285,Anand Nagar ,Maharashtra ,Nagpur ,
Faces And Dairy Salon (Nagpur ),91 90561 91617,Khaparkheda ,Maharashtra ,Nagpur ,
Black Scissors  (Nagpur),91 88719 83949,Medical square ,Maharashtra,Nagpur,
Jawad Habib Ratan Lal Nagar  (Nagpur ),91 88401 87549,Medical square ,Maharashtra ,Nagpur ,
B Glam Unisex Salon  (Nagpur),91 86871 81856,Manewada Road ,Maharashtra,Nagpur,
Absolute Salon  Rajender Nagar Gahziyabad  (Nagpur ),91 81300 64130,Wardhman nagar ,Maharashtra ,Nagpur ,
Bs Baba  (Delhi ),91 78178 35770,Mayur vihar phase 1 delhi ,Delhi ,Delhi ,
Nector Unisex Salon  (Kanpur),91 75091 99996,Shastri Nagar ,Uttar Pradesh,Kanpur,
A S Tread Line  (Deoria ),91 73851 02479,Raghav nagar colony Deoria ,Uttar Pradesh ,Deoria ,
Prabha Makeover Studio  (Gorakhpur),91 6391 008 880,Raghav nagar colony Deoria ,Uttar Pradesh,Gorakhpur,
Ganesh Enterprises  (Raipur ),90975 45115,Swarnabhumi,Chattisgarh ,Raipur ,
A1 Beauty Parlour And Academy  (Ghaziabad ),90667 58888,Indrapuram Guyan KHAND 1,Uttar Pradesh,Ghaziabad ,
Gravity Unisex Salon  (Delhi ),90508 24008,Janakpuri delhi ,Delhi ,Delhi ,
Elan (Ghaziabad ),904-961-0816,Avantika Shastri Nagar Ghaziabad ,Uttar Pradesh,Ghaziabad ,
Glamour Salon Surya Nagar  (Ghaziabad ),90456 52819,Avantika Ghaziabad ,Uttar Pradesh,Ghaziabad ,
Kristal Beauty Parlour  (Ghaziabad ),90443 03848,Avantika Sastri Nagar Ghaziabad ,Uttar Pradesh,Ghaziabad ,
Eves Salon  (East Delhi ),903-655-6389,Bhajnapura Gali no 5,Uttar Pradesh,East Delhi ,
Masco Salon (Raipur ),902-867-0779,Near gurudwara road.domino's pizza,durg,Chattisgarh ,Raipur ,
Vrinni Makeover  (Hr),902-802-2205,Sec 4 faridabad ,Hr,Hr,
Nikki 'S Sparkle Saloon  (Nagpur ),90214 14230,Takli Godhni ,Maharashtra ,Nagpur ,
Look & Like Unisex Salon  (Nagpur ),90114 13364,Takli Godhni Road ,Maharashtra ,Nagpur ,
The Bridal Dream Palace Makeup Studio & Academy  (Ghaziabad ),90045 86192,Indrapuram Ghaziabad ,Uttar Pradesh,Ghaziabad ,
Urki  Slaon (Delhi ),90 21 509371,lajpat Nagar Delhi ,Delhi ,Delhi ,
Stax Unisex Salon  (Delhi),89999 51004,Krishna Nagar East Delhi ,East Delhi ,Delhi,
Stylush Unisex Salon  (East Delhi ),899-986-4338,Naveen Shahdara ,Uttar Pradesh,East Delhi ,
Lavendar Beauty Parlour  (Ghaziabad ),899-954-5192,Sastri Nagar Ghaziabad ,Uttar Pradesh,Ghaziabad ,
Bablas'S Salon  (Utter Pradesh ),89994 12592,Shastri Nagar Ghaziabad ,Ghaziabad ,Utter Pradesh ,
Tgf Unisex Salon (Nagpur),89830 58374,Wardhman nagar ,Maharashtra,Nagpur,
Raj Salon  (Nagpur ),89511 78502,Nara road ,Maharashtra ,Nagpur ,
Style Studio Unisex Salon  (Nagpur ),892-872-4555,Takli ,Maharashtra ,Nagpur ,
Style Studio Unisex Salon (Agra),89207 93011,Pandav nagar road near sea news,Uttar Pradesh,Agra,
Jawad Habib Keshav Puram  (Dehra Dun),89200 41242,Anrag chowk dehradun ,Uttarakhand,Dehra Dun,
Unique Touch  (Kanpur),88829 20733,Ratan lal nagar ,Uttar Pradesh,Kanpur,
Sapna Unisex Salon  (Kanpur),88810 01550,Kidwai Nagar ,Uttar Pradesh,Kanpur,
Om Treders  (Ghaziabad ),88744 08327,Sahibabad Rajender Nagar GT Road Ghaziabad ,Uttar Pradesh,Ghaziabad ,
Grace Unisex Salon  (Ghaziabad ),886-730-8604,Rakesh marg Ghaziabad ,Uttar Pradesh,Ghaziabad ,
Look Unisex Salon  (Delhi ),88608 79301,Shaheen bagh okhla ,Delhi ,Delhi ,
Victoria  (Noida),88602 87348, Gr Noida ,Uttar Pradesh,Noida,
Anuradha Beauty Parlour  (Nagpur),88601 91527,Nara road ,Maharashtra,Nagpur,
Dream Hair Unisex Salon  (Ghaziabad ),885-589-6484,Indrapuram Ghaziabad ,Uttar Pradesh,Ghaziabad ,
Ishani Beauty Parlour  (Ghaziabad ),883-960-7816,Som Bazar East Delhi ,Uttar Pradesh,Ghaziabad ,
Sanjivani Beauty Parlour  (Delhi ),88395 82110,Rajouri garden delhi ,Delhi ,Delhi ,
Apurva Beauty Parlour  (Nagpur),88309 73103,Taj Bagh ,Maharashtra,Nagpur,
Rare Make Over  (Ghaziabad ),883-079-3175,Dilshad Garden ,Uttar Pradesh,Ghaziabad ,
Magic Hands (Mysore),88267 36717,Vijaynagar ,Karnataka,Mysore,
Ashiyana Salon  (Ghaziabad ),88080 04242,Surya Nagar Ghaziabad ,Uttar Pradesh,Ghaziabad ,
Venusa Unisex Salon  (Bhilwara ),88008 16747,Azad Nagar ,Rajsthan ,Bhilwara ,
Rosmarino Unisex Salon  (Jalandhar ),88001 96519,Model town jalandhar ,Punjab ,Jalandhar ,
Hb Makeover  (Raipur ),87958 55502,Devendranagar ,Chattisgarh ,Raipur ,
Matrix Professional  (Varanasi ),879-213-0446,Mahmoorganj ,Uttar Pradesh ,Varanasi ,
Skin Hub Unisex Salon  (Varanasi ),87870 56504,Lanka ,Uttar Pradesh ,Varanasi ,
Skanda (Ghaziabad ),872-241-9464,Shalimar Garden Ghaziabad ,Uttar Pradesh,Ghaziabad ,
Makeover By Aaliya  (Ghaziabad ),87090 58776,Dream Home Wave City Ghaziabad ,Uttar Pradesh,Ghaziabad ,
Reema Malhotra  (Bhilai ),87080 86305,Bhilai,Chattisgarh ,Bhilai ,
Blossom Bright Unisex Salon  (Mumbai),87076 69909,Vasai East ,Maharashtra,Mumbai,
Janvi Make Over  (Kanpur),866-906-2613,Govind Nagar ,Uttar Pradesh,Kanpur,
4 Evaa Salon  (Jamshedpur),86600 25599,Vijaya Garden Complex Gate No.1, Baridih ,Jharkhand,Jamshedpur,
La Vista  Salon  (Raipur ),86575 06440,Marin drive telibandha,Chattisgarh ,Raipur ,
Style Planet Salon  (East Delhi ),86380 85492,Rhotash Nagar Shahdara ,Uttar Pradesh,East Delhi ,
Queen Make Over  (Nagpur ),863-0181140,Dharampeth ,Maharashtra ,Nagpur ,
Cut N Wave Unisex Salon  (Ghaziabad ),862-505-3962,Hapur Delhi Road Railway Road ,Uttar Pradesh,Ghaziabad ,
Aurum Unisex Salon  (Hapur),860-515-0873,Hapur Railway road ,Uttar Pradesh,Hapur,
La Soul Unisex Salon  (Hapur ),860-043-3352,Hapur Railway Road ,Ghaziabad ,Hapur ,
La Soul Unisex Salon (Kanpur),85951 22901,Keshav puram ,Uttar Pradesh,Kanpur,
Jawad Habib Rave Moti Mall  (Mysore),85879 62426,Hebbal ,Karnataka,Mysore,
Anmol (Nagpur),85879 09878,Nara road ,Maharashtra,Nagpur,
Dulhan Beauty Salon  (Nagpur ),8532-945136,Nari road ,Maharashtra ,Nagpur ,
Sapnas (Ahmadnagar),85295 55515,Jaripatka ,Maharashtra,Ahmadnagar,
Senora Beauty Parlour  (Nagpur),85273 78237,Jaripatka ,Maharashtra,Nagpur,
Fairy Beauty Salon  (Nagpur ),85120 72268,Jaripatka ,Maharashtra ,Nagpur ,
Ranjana Beauty Parlour  (Nagpur ),84689 38869,Besa road ,Maharashtra ,Nagpur ,
Samhitha  (Nagpur),84479 19760,Besa road ,Maharashtra,Nagpur,
Expart Salon  (Nagpur),84472 42895,Sharda chowk ,Maharashtra,Nagpur,
Ruh Hair Studio  (Mumbai ),844-680-2936,Ghatkopar ,Maharashtra ,Mumbai ,
Cafrocking Unisex Salon (Nagpur ),84314 83474,Nandanvan ,Maharashtra ,Nagpur ,
Women Care Beauty Parlour  (Nagpur ),84239 74057,Pratap Nagar ,Maharashtra ,Nagpur ,
Sara Beauty Parlour  (Nagpur),84092 08292,Manewada ,Maharashtra,Nagpur,
Hair Lounge Salon  (Nagpur ),83869 54248,Khaparkheda ,Maharashtra ,Nagpur ,
Hair Lounge  (Nagpur ),83829 19004,,Maharashtra ,Nagpur ,
Darpan Unisex Salon  (Nagpur ),83778 99830,Koradi ,Maharashtra ,Nagpur ,
Bharti Jain Makeover Studio  (Mysore),832-921-5249,GOKULAM ,Karnataka,Mysore,
Zak Unisex Salon  (Nagpur),83182 42858,Koradi Naka ,Maharashtra,Nagpur,
Al Barbaro  (Noida),83032 15637,CP Omax mall GR Noida ,Uttar Pradesh,Noida,
Glam Studio Unisex Salon  (Noida),83032 09204,Bita 2 Gr Noida ,Uttar Pradesh,Noida,
Glam Studio Unisex Salon Sastri Nagar  (Ghaziabad ),83 90 529639,Indrapuram Ghaziabad ,Uttar Pradesh,Ghaziabad ,
Dulhan Makeup Studio  (Delhi ),82697 39999,Janakpuri delhi ,Delhi ,Delhi ,
Hair Flicks  (Gorakhpur ),82669 96576,Rapti Nagar phase-1 
Medical road Gorakhpur ,Utter Pradesh ,Gorakhpur ,
Hsm Unisex Salon  (Kanpur),820904957q,Swaroop Nagar ,Uttar Pradesh,Kanpur,
Hsm Unisex Salon (Mysore),820-880-1181,Hinkal,Karnataka,Mysore,
Eliza Make Over  (Delhi ),81786 75120,Ashok vihar delhi ,Delhi ,Delhi ,
M And T Unisex Salon  (Delhi ),81759 94316,Lajpat Nagar Delhi ,Delhi ,Delhi ,
Isha Beauty Salon  (Delhi ),81713 62523,East Delhi ,East Delhi ,Delhi ,
Slight Touch Beauty Parlour  (East Delhi ),81710 47421, Karkardoma ,Delhi ,East Delhi ,
New Affinity Unisex Salon  (Nagpur),81304 21205,Rani durgawati chowk ,Maharashtra,Nagpur,
Crystal Beauty Parlour  (Nagpur ),81301 17196,Khaparkheda ,Maharashtra ,Nagpur ,
Beauty Apsra Salon  (Raipur ),81274 30535,Lalpur,maruti heritage ,near colours mall.,Chattisgarh ,Raipur ,
Ns4 Unisex Salon  (Nagpur ),810-541-7621,Koradi Naka ,Maharashtra ,Nagpur ,
New Kalkatta Unisex Saloon  (Nagpur ),80927 21205,Koradi ,Maharashtra ,Nagpur ,
Nitu Beauty Parlour  (Ghaziabad),808-789-8081,Shiddharth Vihar Ghaziabad ,Uttar Pradesh,Ghaziabad,
Opera Prime Salon (Lucknow ),80874 71484,Arjunganj ,Up,Lucknow ,
Swip Scissors Salon (Delhi ),808-733-7198,Malviya Nagar Delhi ,Delhi ,Delhi ,
Tapsaya Unisex  (Ghaziabad),80814 47346,Vashali Sec 4 ,Uttar Pradesh,Ghaziabad,
Choice Unisex Salon  (Ghaziabad ),80767 12977,Vashali sec 4 Ghaziabad ,Uttar Pradesh,Ghaziabad ,
Revital S.S Unisex Salon  (Noida),80765 33179,Sec -4 Vashali Ghaziabad ,Uttar Pradesh,Noida,
Neha'S Makeover Salon  (Kanpur),80763 49463,Rawatpur ,Uttar Pradesh,Kanpur,
Diva Makeup Studio  (Mysore),80574 55355,Vontikoppal ,Karnataka,Mysore,
The Head Master Unisex Salon (Gorakhpur ),80099 69209, Avash vikas colony surajkund gorakhpur ,Uttar Pradesh ,Gorakhpur ,
The Head Master Unisex Salon  (Mysore),80062 24620,Agrahara,Karnataka,Mysore,
Mdm Unisex Salon  (Diglipur),79883 79750,,Andaman and Nicobar Islands,Diglipur,
Style M Shape  (Delhi ),797-238-7113,Kamla nagar delhi ,Delhi ,Delhi ,
Dreams Unisex Salon  (Gorakhpur),797-212-5584,Babina hotel durga badi road gorakhpur ,Uttar Pradesh,Gorakhpur,
Dreams Slimming Beauty Laser  (Nagpur),79056 03923,Jaripatka ,Maharashtra,Nagpur,
Shabnam (Mysore),79051 11120,Hebbal ,Karnataka,Mysore,
Senora Ladies Beauty Parlour  (Nagpur),79051 02298,Borgaon ,Maharashtra,Nagpur,
Rose Beauty Parlour  (Nagpur ),79 7295 6025,Jafar Nagar ,Maharashtra ,Nagpur ,
Roshni Make Over  (Delhi ),788-788-8020,Amar colony Lajpat Nagar Delhi ,Delhi ,Delhi ,
Maheshwari Cosmetic  (Agra),78659 47203,Kamal kunj , Dr.Maria road , paschim puri , sikandra agra,Uttar Pradesh,Agra,
Sam Studio Unisex Salon  (Nagpur ),78609 49006,Takli Godhni Road ,Maharashtra ,Nagpur ,
Sam Studio And Salon  (Nagpur),78389 5784,Jaripatka ,Maharashtra,Nagpur,
Aps Unisex Salon  (Nagpur),78373 70549,Manewada ,Maharashtra,Nagpur,
Revive Beauty Salon  (Delhi ),78281 42225,Central market lajpat Nagar Delhi ,Delhi ,Delhi ,
Revive Unisex Salon  (Delhi ),78275 82056,Lajpat Nagar Delhi ,Delhi ,Delhi ,
Shama Makeover  (Abhepur),78272 33292,Railway road apna enclave ,Haryana,Abhepur,
Momentous Unisex Salon  (Delhi ),78178 35770,Preet Vihar ,East Delhi ,Delhi ,
Shine Makeover (Agra),78050 88831,Sarla bhag extension,Uttar Pradesh,Agra,
Adore Makeover & Academy  (Other),78003 37537,Sec-17,Andaman and Nicobar Islands,Other,
Adore Makeover & Acedmy  (Delhi ),779-825-3250,Rajouri garden ,Delhi ,Delhi ,
Empire Salon (ghaziabad ),77097 48878,Avantika Sastri Nagar Ghaziabad ,Uttar Pradesh,ghaziabad ,
Canvas Unisex Salon  (Ghaziabad ),76683 55305,Chiranjeev Vihar Sastri Nagar Ghaziabad ,Uttar Pradesh,Ghaziabad ,
Simran Beauty Parlour  (Delhi ),76073 25739,Bawana delhi ,Delhi ,Delhi ,
V Rovel Salon  (Delhi ),75180 21112,Amar colony Lajpat Nagar Delhi ,Delhi ,Delhi ,
Vinay Makeover Salon  (Ghaziabad ),751-734-4289,Mahagun mall Vashali Sec 4 Gahziyabad ,Uttar Pradesh,Ghaziabad ,
O Zone By Shahid  (Ghaziabad ),75092 6305,Mahagun mall Vashali Ghaziabad ,Uttar Pradesh,Ghaziabad ,
Gonda Makeover  (Nagpur),75091 99996,Yadav nagar ,Maharashtra,Nagpur,
Muskan Make Over  (Nagpur ),75059 99059,Yadav nagpur ,Maharashtra ,Nagpur ,
Apello Unisex Salon  (Bangalore),74288 20174,HSR layout ,Karnataka,Bangalore,
Shree Family Salon  (Gorakhpur),74281 68566,Raiganj road ghantaghar gorakhpur ,Uttar Pradesh,Gorakhpur,
The Impeccable Unisex Salon  (Jamshedpur),74082 50007,Sidhgora Beside Bank Of Baroda ATM,Jharkhand,Jamshedpur,
Hair Flick Unisex Salon  (Delhi ),74080 04040,Janakpuri delhi ,Delhi ,Delhi ,
Mj Salon  (Gorakhpur),738-518-0437,Raiganj road ghantaghar gorakhpur ,Uttar Pradesh,Gorakhpur,
Rachna Beauty  (Gorakhpur),73506 71083,Raiganj road ghantaghar ,Uttar Pradesh,Gorakhpur,
Hair Master Unisex Salon  (Utter Pradesh ),73183 88444,Shastri Nagar Ghaziabad ,Ghaziabad ,Utter Pradesh ,
Craze Salon  (Nagpur),721-943-0982,Dattawadi ,Maharashtra,Nagpur,
The Bridal Dream Palace  (Kanpur),721-932-8249,Shastri nagar ,Uttar Pradesh,Kanpur,
Mirror Salon (Gorakhpur),7085850 00750,Gorakhnath temple Gorakhpur ,Uttar Pradesh,Gorakhpur,
Goldi Beauty Salon  (Achhnera),70818 16836,Rajatalab ,Uttar Pradesh,Achhnera,
Vibhuti Beauty Parlour  (Nagpur ),70615 80297,Baba Frid nagar ,Maharashtra ,Nagpur ,
Zeba Cosmetic  (Nagpur ),70521 79208,Takli Godhni ,Maharashtra ,Nagpur ,
The Glam Unisex Salon  (Raipur ),70427 22919,Civil line,Chattisgarh ,Raipur ,
The Glam Studio  (Agra),70333 80266,Sodagar line sadar bazar ,Uttar Pradesh,Agra,
Jawed Habib Ratan Lal Nagar  (Jodhpur),703-028-9574,Ratnada ,Rajasthan,Jodhpur,
Miracle Unisex Salon  (Nagpur ),70222 61805,Butibori ,Maharashtra ,Nagpur ,
Babita Beauty Parlour  (Ghaziabad ),702-073-4700,Kavi Nagar  Ghaziabad ,Uttar Pradesh,Ghaziabad ,
Grace N Blonde Unisex Salon  (Kanpur),70177 05325,Govind Nagar ,Uttar Pradesh,Kanpur,
Arki Salon (Hapur),70175 32117,Hapur Railway road ,Uttar Pradesh,Hapur,
Jawad Habib Kidwai Nagar  (Ghaziabad ),70117 25276,Raj Nagar Ghaziabad ,Uttar Pradesh,Ghaziabad ,
Elegant Beauty Salon  (Ghaziabad ),70114 43725,Raj Nagar Ghaziabad,Uttar Pradesh,Ghaziabad ,
Kaveri Studio Raj Nagar  (Ghaziabad ),70112 11075,Raj Nagar Ghaziabad ,Uttar Pradesh,Ghaziabad ,
Dhanika Makeover Salon  (Ghaziabad ),70051 62112,Shastri Nagar Ghaziabad ,Uttar Pradesh,Ghaziabad ,
Look 'S Unisex Salon  (Delhi ),70004 84020,Ashok vihar delhi ,Delhi ,Delhi ,
Rachna Beauty Parlour  (Kanpur),6398-196617,Tilak Nagar ,Uttar Pradesh,Kanpur,
Hair Port Unisex Salon  (Kanpur),6396-633146,Tilak Nagar ,Uttar Pradesh,Kanpur,
Lerofiy Unisex Salon  (Itanagar),63946 96597,Rajeevnagar ,Arunachal Pradesh,Itanagar,
Look Beauty Parlour  (Mysore),63943 76035,Rajeevnagar,Karnataka,Mysore,
Look Make Over  (Jamshedpur),63920404884:27,MP Road, Old Sonari ,Jharkhand,Jamshedpur,
Ash (Nagpur),63885 33138,Nara road ,Maharashtra,Nagpur,
Vandna'S Unisex Salon (Nagpur),63606 64462,Nara road ,Maharashtra,Nagpur,
New Look Ladies Salon  (Nagpur),62645 76031,Nari road ,Maharashtra,Nagpur,
Haney Beauty Salon  (Nagpur ),62027 02205,Nari road ,Maharashtra ,Nagpur ,
The Bridal Dream Palace Makeup  (Nagpur ),62007 28935,Nara road ,Maharashtra ,Nagpur ,
Ojha Veriety Store  (Nagpur ),096-739-92444,Wanadongri ,Maharashtra ,Nagpur ,
Shefali Make Over  (Nagpur ),095326 82550,Takli Godhni Road ,Maharashtra ,Nagpur ,
Sinchana (Nagpur ),093528 98686,Takli Godhni ,Maharashtra ,Nagpur ,
Sofi Beauty Parlour  (Kanpur),093362 38950,Panki road ,Uttar Pradesh,Kanpur,
Soundarya Beauty Parlour (Gorakhpur),090089 17000,Gola road main market khalilabad ,Uttar Pradesh,Gorakhpur,
Sahiba Salon  (Gorakhpur ),088846 11110,Bardiya market khalilabad Sant Kabir Nagar ,Utter Pradesh ,Gorakhpur ,
Elite Salon  (Delhi),088148 00786,Main Mkt yamuna Vihar ,East Delhi ,Delhi,
Richa Glam Makeover  (East Delhi ),085339 06661,Krishna Nagar ,Delhi ,East Delhi ,
Elegance Salon  (Agra),082857 51848,near Sea TV Office, Maruti Estate, Manas Nagar, Pandav Nagar, Agra, Uttar Pradesh 282010,Uttar Pradesh,Agra,
Alino Salon  (Gorakhpur ),082-142-53559,Bhediyagarh, Gorakhpur, Uttar Pradesh 273004 ∙ Choose area,Uttar Pradesh ,Gorakhpur ,
Touch &Glow Salon (Gorakhpur ),079826 07146,Bargadawa gorakhnath Gorakhpur ,Utter Pradesh ,Gorakhpur ,
Neel And David Salon (Agra),078922 25182,Sodagar line sadar bazar ,Uttar Pradesh,Agra,
Neel David Unisex Salon (Ghaziabad ),0771-4028412,Nyan khand 2 indrapuram ,Uttar Pradesh,Ghaziabad ,
Aditi Satija Makeovers (Nagpur),074993 20584,Jaripatka ,Maharashtra,Nagpur,
New Look Makeover  (Nagpur ),072 5478213,Nara road ,Maharashtra ,Nagpur ,
Jawad Habib P Road  (Kanpur),99353 15746,Govind Nagar ,Uttar Pradesh,Kanpur,
Black Berry Makeup Studio  (Kanpur),99113 44398,Lal bangla ,Uttar Pradesh,Kanpur,
Mk  Salon  (Gonda ),98890 30287,Patel nagar colony Gonda ,Uttar Pradesh ,Gonda ,
Golden Touch (Nagpur),98713 24769,Anand Nagar ,Maharashtra,Nagpur,
Magneton Beauty Parlour  (Nagpur ),98397 73838,Anand Nagar ,Maharashtra ,Nagpur ,
Glamorous Girl Beauty Parlour  (Nagpur ),98188 69863,Rani durgawati chowk ,Maharashtra ,Nagpur ,
Shree Ram Salon (Kolkata),97944 13106,48, Santoshpur Avenue, Park Palace, Near, Shukanta Setu, opp. Trikon Park, Santoshpur, Kolkata, West Bengal 700075,West Bengal ,Kolkata,
Radiance Beauty Salon  (Kanpur),97595 33126,Kidwai Nagar ,Uttar Pradesh,Kanpur,
Aryan Agency  (South Delhi ),97171 21205,Amar Colony, Lajpat Nagar, South Delhi ,Delhi ,South Delhi ,
Divine Aura Salon (Delhi ),96435 74221,Kalka ji delhi ,Delhi ,Delhi ,
Lorange Unisex Salon  (Ambikapur),93131 54510,Dhamtari,Chhattisgarh,Ambikapur,
B Hair Spa Unisex Salon  (Ghaziabad ),92355 89324,Habitat Central Indrapuram Ghaziabad ,Uttar Pradesh,Ghaziabad ,
Curly Top Salon (Delhi ),92190 27734,Amar colony Lajpat Nagar Delhi ,Delhi ,Delhi ,
Glamour Makeover Salon (Ghaziabad ),914-651-0071,Wave City Ghaziabad ,Uttar Pradesh,Ghaziabad ,
Julf Studio  (Durg),91408 02437,Durg ,Chattisgarh ,Durg,
Zulf Studio  (Gorakhpur ),91134 92191,Azad chowk rustampur gorakhpur ,Uttar pradesh ,Gorakhpur ,
Kimfaa (Nagpur ),90290 92224,Mahal,Maharashtra ,Nagpur ,
Horizon Unisex Salon  (Nagpur ),90154 50432,Pension nagar ,Maharashtra ,Nagpur ,
Angel Beauty Parlour  (Ghaziabad ),89294 29876,Avantika Sastri Nagar Ghaziabad ,Uttar Pradesh,Ghaziabad ,
Ambrose  (Utter Pradesh ),89202 18889,Shastri Nagar Ghaziabad ,Ghaziabad ,Utter Pradesh ,
Bhawanas Makeover  (Kanpur),88810 01550,Ratan lal nagar ,Uttar Pradesh,Kanpur,
Dilniwaz Salon (Kanpur),88406 79164,Tilak Nagar ,Uttar Pradesh,Kanpur,
Pacific Blue Unisex Salon  (Nagpur ),81304 21205,Khaparkheda ,Maharashtra ,Nagpur ,
Anika Makeover Salon  (Noida),78970 03190,LG-22, Shoprix Mall, Block C, Sector 61, Noida, Uttar Pradesh 201301,Uttar Pradesh ,Noida,
Arif Unisex Salon  (Durg),78602 48009,Bhilai nehru nagar,Chattisgarh ,Durg,
Marya Makeover Studio  (Kanpur),78178 35770,Kidwai Nagar ,Uttar Pradesh,Kanpur,
Riya 'S Makeover Salon  (Gorakhpur),78000 99019,Main market gola road khalilabad ,Uttar Pradesh,Gorakhpur,
The Glam Touch Makeup Studio  (Ghaziabad ),75188 18888,AVS Market Raj Nagar Ext Ghaziabad ,Uttar Pradesh,Ghaziabad ,
Classic Beauty Academy And Clinic  (Kanpur),70814 73957,Swaroop Nagar ,Uttar Pradesh,Kanpur,
Ravneet Makeover Makeup Hair Skin  (Gorakhpur),70071 73196,Khoya Mandi gali golghar gorakhpur ,Uttar Pradesh,Gorakhpur,
 Mak Unisex Salon  (Nagpur ),70071 25595,Sadar ,Maharashtra ,Nagpur ,
Blade Unisex Salon  (Nagpur ),63883 22490,Godhni Road ,Maharashtra ,Nagpur ,
Jindal Ajency Distributer  (Achhnera),99886112934,Gandhi market main market basti ,Uttar Pradesh,Achhnera,
Mohini Makeover  (Nagpur),99885527289,Nara road ,Maharashtra,Nagpur,
Jasn Beauty Salon  (Nagpur ),99789023123,Nandanvan ,Maharashtra ,Nagpur ,
Beauty World Salon  (Shillong ),99305576707,Laimo (bazar),Meghalaya ,Shillong ,
Dulhan Beauty Parlour  (Kanpur),99197548675,Tilak Nagar ,Uttar Pradesh,Kanpur,
Elements Unisex Salon  (Ranchi ),99016576589,Booty more chowk ,Jharkhand ,Ranchi ,
Sims Unisex Salon  (Gorakhpur),98997124263,Shighariya chouraha kuraghat gorakhpur ,Uttar Pradesh,Gorakhpur,
Mdm Makeover Unisex Salon  (Utter pardesh ),98888605244,Wave City Ghaziabad ,Ghaziabad ,Utter pardesh ,
The Cutman Unisex Salon  (Jamshedpur),98880344467,Ojha Complex, Service Road, Gamhariya ,Jharkhand,Jamshedpur,
Matrix Professional Unisex  (Nagpur ),98754469910,Nara road ,Maharashtra ,Nagpur ,
Jawed Habib Salon  (Mysore),95773385672,Agrahara,Karnataka,Mysore,
Mdm Makeover Ghaziabad  (Nagpur),92191116111,Jafar Nagar ,Maharashtra,Nagpur,
The Shiny Makeover Unisex Salon  (Agra),92141077896,Pushpanjali complex , sastri puram road sikandra agra,Uttar Pradesh,Agra,
Oberan Look Unisex Salon  (Delhi ),92121196287,Vinod nagar delhi ,Delhi ,Delhi ,
Be U Unisex Salon  (Delhi ),92105187271,Chhatarpur delhi ,Delhi ,Delhi ,
Be Blonde Unisex Salon  (Delhi ),92051870271,Lajpat Nagar Delhi ,Delhi ,Delhi ,
V&V Unisex Salon  (Delhi ),91805119812,South X delhi ,Delhi ,Delhi ,
The Makeover Salon  (Delhi ),90755695383,Safdarjung enclave Delhi ,Delhi ,Delhi ,
Mbs Family Salon  (Jagdalpur),90561157766,Jagdalpur ,Chhattisgarh,Jagdalpur,
The Magical Makeover  (Agra),90404937373,Maruti estate crossing,Uttar Pradesh,Agra,
Safi Salon (Agra),88743147777,Shop 12 pushp punit villa maruti estate crossing ,Uttar Pradesh,Agra,
Glam House  (Agra),84606063691,Oppsite dominos pratap nagar colony,Uttar Pradesh,Agra,
Cerenity Beauty Parlor  (Agra),82192600002,Opp dominos kothi meena bazar road pratap nagar,Uttar Pradesh,Agra,
Platinum Unisex Salon (Achhnera),79039045776,Shivpurva,Uttar Pradesh,Achhnera,
Parlour House  (Kanpur),78384722908,P road ,Uttar Pradesh,Kanpur,
Cherry Red (Allahabad ),76965886228,Preetam Nagar Dhoomanganj Allahabad ,Uttar Pradesh ,Allahabad ,
Mesmerizing Beauty Salon  (Kanpur),76889965466,Vikas nagar ,Uttar Pradesh,Kanpur,
Floraison Salon (Mysore),76208446935,Rajeevnagar ,Karnataka,Mysore,
Salon And Spa (Nagpur ),70114496114,Khaparkheda ,Maharashtra ,Nagpur ,
Hair Miracle  (Jamshedpur),63650064979,Near Footmaidan, Bagunhatu ,Jharkhand,Jamshedpur,
Harrys Salon (Jamshedpur),9999904166,Sharma Market, Adityapur ,Jharkhand,Jamshedpur,
N3 Unisex Salon  (Nagpur),9999848321,Wardhman nagar ,Maharashtra,Nagpur,
Iconic Unisex  (Achhnera),9999812950,Khojwan ,Uttar Pradesh,Achhnera,
Rj Galaxy Unisex Salon  (Jaipur ),9999746509,Shriram vatika, 80 feet main road, boring chouraha, Hari Nagar, Jhotwara, Jaipur, Rajasthan 302012,Rajsthan ,Jaipur ,
Sk Hair Unisex Salon  (Kanpur),9999741985,Lal bangla ,Uttar Pradesh,Kanpur,
S K Hair Unisex Salon  (Bangalore ),9999736392,Ulsoor ,Karnataka ,Bangalore ,
Simran Bp Sonari (Bangalore ),9999710606,Rammurthy nagar ,Karnataka ,Bangalore ,
Ashwini Beauty Parlour  (Other),9999685335,Sec-7,Andaman and Nicobar Islands,Other,
Roots Salon (Barnala) Kapil (Hapur),9999662964,Hapur Railway road ,Uttar Pradesh,Hapur,
Umarkot (Delhi ),9999597506,Kamla nagar delhi ,Delhi ,Delhi ,
Harpreet Kaur Makeup Studio  (Delhi ),9999565050,Kamla Nagar Delhi ,Delhi ,Delhi ,
N J S Salon (Mysore),9999560911,Agrahara,Karnataka,Mysore,
Best Look Salon (Delhi ),9999500148,Chhatarpur delhi ,Delhi ,Delhi ,
Crown Comb Sobari  (Bangalore ),9999486480,Jogpalya,Karnataka ,Bangalore ,
Magic Touch  (Raipur ),9999420860,Shankarnagar ,Chattisgarh ,Raipur ,
Hats Off Salon (Lucknow ),9999418330,Ashiyana,Up,Lucknow ,
Hair Trends Salon (Chandigarh),9999403367,Sec 35D,Punjab,Chandigarh,
Maysa Beauty Parlour  (Achhnera),9999399395,Bhagat chowk betiahata ,Uttar Pradesh,Achhnera,
Get Grougious- (Gorakhpur),9999310635,Bhagat chowk betiahata ,Uttar Pradesh,Gorakhpur,
The Salon By Amit  (Ghaziabad ),9999306036,Avantika Sastri Nagar Ghaziabad ,Uttar Pradesh,Ghaziabad ,
Beauty Zone Salon (Lucknow ),9999298058,Jai prakash nagar ,Up,Lucknow ,
Razor Salon  (Ghaziabad ),9999294636,Mahagun Mansion NH9 Haway Ghaziabad ,Uttar Pradesh,Ghaziabad ,
Riboin Unisex Salon (Kanpur),9999280335,RATAN LAL NAGAR ,Uttar Pradesh,Kanpur,
Prerna Makover (Ghaziabad ),9999203962,Vashali Sec 4 Ghaziabad ,Uttar Pradesh,Ghaziabad ,
Sk Unisex Salon  (Gorakhpur ),9999195399,Ghandhi Gali golghar Gorakhpur ,Utter Pradesh ,Gorakhpur ,
Swank Unisex Salon  (Gorakhpur),9999163426,Khalilabad main market khalilabad ,Uttar Pradesh,Gorakhpur,
Karishma Beauty Salon  (Noida ),9999151018,Gr Noida ,Uttar Pradesh,Noida ,
Fusion 41 Salon (East Delhi ),9999151014,Bhola nath nagar Krishna Nagar ,Delhi ,East Delhi ,
Fusion Unisex Salon  (Ghaziabad ),9999144746,Ghaziabad Nehru Nagar,Uttar Pradesh,Ghaziabad ,
Blue Angle (Lucknow ),9999141110,South city,Up,Lucknow ,
Dazzles Beauty Salon  (Achhnera),9999123858,10 number boring Gorakhnath Mandir road gorakhpur ,Uttar Pradesh,Achhnera,
Khoobsurat Unisex Salon  (Nagpur ),9999096043,Shanti nagar ,Maharashtra ,Nagpur ,
Glitz Salon (Achhnera),9999055390,Gorakhpur road Deoria ,Uttar Pradesh,Achhnera,
Monaliza Makeup Studio (Gorakhpur),9999031859,Subhash chowk main market Deoria ,Uttar Pradesh,Gorakhpur,
Diana Monroe Beauty Salon  (Jamshedpur),9997852558,Baridih Market,Jharkhand,Jamshedpur,
Hair Studio  (Ahmadnagar),9997319686,Matunga east ,Maharashtra,Ahmadnagar,
Tnvz Makeover Studio  (Delhi ),9997025447,Mojpur East Delhi ,East Delhi ,Delhi ,
Stylish Unisex Salon (Ghaziabad ),9996874410,Sastri Nagar Ghaziabad ,Uttar Pradesh,Ghaziabad ,
Royal Touch Unisex Salon  (Noida ),9996686669,Gr Noida ,Uttar Pradesh,Noida ,
Rahul Hair Studio (Gorakhpur),9996585292,Rail vihar colony medical road gorakhpur ,Uttar Pradesh,Gorakhpur,
Ruh Makeup Studio  (Gorakhpur),9996262222,Orion Mall muhaddipur gorakhpur ,Uttar Pradesh,Gorakhpur,
Sparsh Unisex Salon  (Ghaziabad ),9994642365,Sastri Nagar Ghaziabad ,Uttar Pradesh,Ghaziabad ,
Dream Diva Salon (Gorakhpur),9994448882,City Mall road Civil line gorakhpur ,Uttar Pradesh,Gorakhpur,
Dream Diva Beauty Salon (Gorakhpur),9993932969,Rail vihar colony medical road gorakhpur ,Uttar Pradesh,Gorakhpur,
Addlys Salon  (Ghaziabad ),9993783509,Dream Home Wave City Ghaziabad ,Uttar Pradesh,Ghaziabad ,
Addlys De Salon (Achhnera),9993408218,Golghar gorakhpur ,Uttar Pradesh,Achhnera,
Style V Salon (Lucknow),9992855268,Odian cenema ,Uttar Pradesh,Lucknow,
Style V Unisex Salon (Gorakhpur),9992696336,Taramandal Deoria by pass road gorakhpur ,Uttar Pradesh,Gorakhpur,
Bng Unisex Salon (Lucknow),9992643417,Jopling road ,Uttar Pradesh,Lucknow,
Khushi Enterprises  (Lucknow ),9992355681,Ashiyana bangla bazar ,Up,Lucknow ,
Style Hair Unisex Salon  (Lucknow ),9992018555,Vikash nagar,Up,Lucknow ,
Hair Style Unisex Salon  (Zerakpur),9990932225,Zirakpur ,Punjab,Zerakpur,
Big Boss Unisex Salon  (Kanpur ),9990929865,Swaroop Nagar ,Uttar Pradesh,Kanpur ,
 Hair Style Unisex Salon  (Jodhpur ),9990918158,Kudi Chb Jodhpur ,Rajasthan ,Jodhpur ,
Charming Salon  (East delhi),9990900315,Jyoti colony durgapuri,Delhi,East delhi,
Rvb'S Unisex Salon  (Raebareli ),9990806650,Raebareli ,U.P,Raebareli ,
Rbvs Unisex Salon  (Mysore),9990730080,Rajeevnagar ,Karnataka,Mysore,
 Styles Hair Salon  (Delhi ),9990626932,West Petal nagar ,Delhi ,Delhi ,
Km Makeup Studio  (Batala),9990626832,Hasli pul,Punjab,Batala,
Posh & Polish Unisex Salon  (Jalandhar ),9990542862,Attare bazar,Punjab ,Jalandhar ,
A To Z Unisex Salon (Delhi ),9990539515,Vijay  Nagar  opp . Mahaveer enclave ,Delhi ,Delhi ,
Simmi Beauty Parlour  (Chandigarh ),9990432632,Sco 49 sec 19c Chandigarh ,UT ,Chandigarh ,
Aura Beauty Palace  (Kanpur ),9990393965,Barra ,Uttar Pradesh,Kanpur ,
Kiran Beauty Parlour  (Jodhpur),9990347095,Sardarpura ,Rajasthan,Jodhpur,
Petros  (Delhi ),9990261214,Janakpuri ,Delhi ,Delhi ,
Heena Beauty Adr  (Delhi ),9990211916,Janakpuri ,Delhi ,Delhi ,
Advance Cut  (Delhi ),9990191690,Janakpuri ,Delhi ,Delhi ,
Sims Salon  (Jamshedpur ),9990006176,Sonari near yearport ,Jharkhand ,Jamshedpur ,
Dark Family Salon (Nagpur ),9989090890,Saoner ,Maharashtra ,Nagpur ,
Shree Salon (Barnala),9988905999,Main bazar, barnala,Punjab,Barnala,
Moon Beauty Parlour  (Chattisgarh ),9988866682,Umarkot ,Chattisgarh ,Chattisgarh ,
Hair Crush (Lucknow ),9988719502,Ashiyana ,Up,Lucknow ,
 Xsaloon (Rajkot ),9988637182,New college vadi,Gujrat ,Rajkot ,
 Xsaloon  (Hamirpur),9988602590,Vpo tehsil Nadaun district Hamirpur ,Himachal Pradesh,Hamirpur,
Fusion Unisex Saloon  (Jamshedpur ),9988487380,Sonari market ,Jharkhand ,Jamshedpur ,
Hair King Salon  (Kharar),9988403344,Kharar,Kharar ,Kharar,
Beauty Box Salon & Accademy  (Chandigarh ),9988362793,Sco 193 sec 7c chandigarh ,UT,Chandigarh ,
Sovi Makeovers  (Diglipur),9988310903,Janakpuri,Andaman and Nicobar Islands,Diglipur,
Sia'S Studio  (Mohali ),9988202299,Phase 10 mohali,Punjab ,Mohali ,
Nirmal Beauty Salon  (Jodhpur),9988135752,Chb2 ,Rajasthan,Jodhpur,
D Cut Unisex Salon  (Jodhpur ),9988135001,Sardarpura d road ,Rajsthan ,Jodhpur ,
Panache Salon (Delhi ),9988094981,J -12/31 rajouri garden ,Delhi ,Delhi ,
Panache Unisex Salon (Delhi ),9988083846,Paharganj ,Delhi ,Delhi ,
Hair Do Unisex Salon  (Noida),9988053824,First Floor, Shop No. 39, 40 Market, B Block, Gardenia Glory, Sector 46, Noida, Uttar Pradesh 201303,Uttar Pradesh,Noida,
Khushboo Makeover (Bakhtawarpur),9988036246,Malviya nagar,Delhi,Bakhtawarpur,
Khushboo Makeup Studio (New Delhi),9987675766,Malviya nagar,Delhi,New Delhi,
The Beauty Bar Unisex Salon  (East delhi),9986668790,Jhilmil vivek vihar,Delhi,East delhi,
Alice Unisex Salon  (Delhi ),9986450888,Ramesh Nagar ,Delhi ,Delhi ,
Jawed Habibs  Unisex Salon  (Noida ),9984375454,C.S.Rana Complex, Street no- 12, 22 Road, Block I, Sector 22, Noida, Uttar Pradesh 201301,Uttar Pradesh ,Noida ,
Vm Scissor (Delhi ),9984288560,Patel nagar ,Delhi ,Delhi ,
Tanishak Unisex Salon  (Noida),9982535264,Cetral Market, Sec 41, Noida,Uttar Pradesh,Noida,
Meery Beauty Salon  (Noida),9981705576,Central Market Sec 41 Noida ,Uttar Pradesh,Noida,
Sd Luxury Unisex Salon  (Noida),9978977267,Central Market , Sec 41, Noida,Uttar Pradesh,Noida,
Sd Luxury Salon  (Noida ),9978621290,Sec 41, Central Market, Noida Sec 41,Uttar Pradesh ,Noida ,
S D Luxury Salon  (New Delhi),9978090989,Arjun nagar,Delhi,New Delhi,
Sd Luxury Salon (Delhi ),9978067580,Paschim vihar ,Delhi ,Delhi ,
Fair N Glow Salon  (Delhi ),9977603330,Paschim vihar ,Delhi ,Delhi ,
Style Ana Art (Noida),9977299495,Hazipur Village, Sector 104, Noida,Uttar Pradesh,Noida,
Hair Master  (East delhi),9975349355,Geeta colony,Delhi ,East delhi,
Bride Groom Studio (Delhi ),9975022907,Dwarka ,Delhi ,Delhi ,
Azteck Salon (Delhi),9972571009,J-3/197 Nehru market Rajouri garden,Delhi,Delhi,
King Salon (Noida),9971998810,Shop No. LGF 46, 47 &48, Plot, C& D, Spectrum Metro Mall, Sector 75, Noida, Uttar Pradesh 201307,Uttar Pradesh,Noida,
Sky High Lou Reed  (North delhi),9971953687,Shalimar bagh north delhi,Delhi,North delhi,
Nice Care Salon  (Noida),9971912121,Shop No-5, Aims Golf avenue 1, Sector 75, Noida, Uttar Pradesh 201306,Uttar Pradesh,Noida,
New Marvellous  (Bakhtawarpur),9971803587,B 34 amar colony,Delhi,Bakhtawarpur,
Beautica Salon  (Delhi),9971800495,Amar Colony, South Delhi, Delhi,Delhi ,Delhi,
Naseem Salon (Noida),9971724800,Jaipuria Plaza, Sec 26, Noida ,Uttar Pradesh ,Noida,
Naseem Salon  (Noida),9971205182,Ganga Shopping Complex, Block - 1,
Sec 29 , Noida 201301,Uttar Pradesh,Noida,
Hair Craft Salon (Noida),9971160073,Shop Nob 276, First Floor Block 1 Ganga Shopping Complex, Samarkand, Sector 29, Noida,Uttar Pradesh,Noida,
Arif And Pari  (Noida),9971113321,first floor, Kirti Maan plaza, Shop No -7, near by NMC hospital, E Block, Sector 30, Noida,Uttar Pradesh,Noida,
Vintage Beauty Parlour  (Noida),9971061644,P/21, 2nd Floor, above KFC, Atta Market, Sector 18, Noida, Uttar Pradesh 201301,Uttar Pradesh,Noida,
Sagar Make Over  (Noida),9970769863,P/21, 2nd Floor, above KFC, Atta Market, Sector 18, Noida, Uttar Pradesh 201301,Uttar Pradesh ,Noida,
Dogra Salon (Diglipur),9970098987,Zamrudpur new delhi,Andaman and Nicobar Islands,Diglipur,
Dogra Unisex Salon  (New Delhi),9967784146,Zamrood pur,Delhi,New Delhi,
Hd Salon Zira  (East delhi),9967760735,Mayur vihar ph 2,Delhi,East delhi,
The Hd Salon (Zira)  (Noida),9967023030,Sec 22 Noida,Uttar Pradesh,Noida,
Sadik Husain (Delhi),9966828000,Rama Krishna aashram marg,Delhi,Delhi,
Rahul Groming  (Delhi),9966795751,Paharganj ,Delhi ,Delhi,
She Beauty Salon (Delhi ),9964386555,Paharganj ,Delhi ,Delhi ,
S.P. Makeover Ladies Beauty Saloon  (Delhi ),9958975533,Gandhi market ,Delhi ,Delhi ,
Be-You-Tiful Makeup Studio And Salon (West Delhi ),9958537675,Paharganj ,Delhi ,West Delhi ,
Mayra Beauty World (New delhi ),9958536983,Paharganj chuna mandi ,Delhi ,New delhi ,
M J Makeover  (Delhi ),9958323210,Dwarka ,Delhi ,Delhi ,
Salon @ Cafe Next Door  (Delhi ),9958257535,Mahavir enclave ,Delhi ,Delhi ,
Jawad Habib Hair And Beauty Kidwai Nagar  (Noida),9958205398,Mahagun Mart, Sec 78, Noida PIN- 201301,Uttar Pradesh,Noida,
New Look Beauty  (Noida),9958173871,Shop no 15 mahagun Mart sec 78 noida ,Uttar Pradesh,Noida,
Monalisa Beauty Parlor  (West Delhi ),9958144050,Vikas puri,Delhi ,West Delhi ,
New Look (Delhi),9956870200,Ashok Nagar, Delhi,Delhi,Delhi,
Hair Miracle Salon  (Delhi),9956387282,Ashok Nagar Main Road, Delhi,Delhi,Delhi,
Glory Beauty Parlour  (Delhi ),9956309876,B-80, Main Road, New Ashok Nagar, Delhi, 110096,Delhi ,Delhi ,
Style Castle Salon (Delhi ),9956092084,New Ashok Nagar Rd, Block C, Ashok Nagar Extension, New Ashok Nagar, New Delhi, Delhi, 110096,Delhi ,Delhi ,
Rj Luxury Unisex Salon  (Noida),9954735721,New Ashok Nagar, Delhi,Uttar Pradesh,Noida,
R J Luxury Unisex Salon  (Delhi),9954260827,Tilak nagar ,Delhi ,Delhi,
Rewind Looks  (East delhi),9953804912,Aachary niketan mayur vihar ,Delhi,East delhi,
Palette Luxury Salon (Meerut ),9953796277,Central market ,UP ,Meerut ,
Palette Luxury Unisex Salon (Meerut ),9953592649,Abulane ,UP,Meerut ,
Modern Salon (Modinagar ),9953592555,Modinagar ,UP,Modinagar ,
Adhunik Unisex Salon (Achampet),9953447531,Boga mandi ,Andhra Pradesh,Achampet,
Urvashi Beauty Studio (Hisar),9953280402,Sec 13 hisar ,Haryana,Hisar,
Deepak & Anju Beauty Salon (Hisar),9953194897,Adampur ,Haryana,Hisar,
Rds Salon  (Hisar),9953077396,Pla mkt ,Haryana,Hisar,
Prim N Polish (Hisar ),9953072396,Pla mkt town park ,Haryana ,Hisar ,
Prim N Polish Unisex Salon  (Delhi ),9952618995,Main road Babar Pur. Moj Pur Delhi 53,Delhi ,Delhi ,
Beauty Perfection (Coimbatore ),9950998439,Saravanampatty ,Tamil nadu,Coimbatore ,
Rutvi Beauty Salon  (Raipur ),9950792520,Mohababazar,Chattisgarh ,Raipur ,
Rishi Beauty Parlour  (Raipur ),9950198659,Mahaveernagar ,Chattisgarh ,Raipur ,
Saundaram Beauty Point  (Raipur ),9947363939,Katoratalab ,Chattisgarh ,Raipur ,
Tanish Nx Salon And Academy  (Hisar),9946858686,Kamri road ,Haryana,Hisar,
Anu Makeover  (Hisar ),9946687227,Kamri road opp sec 15,Haryana ,Hisar ,
Verma Salon (Hissar ),9946091135,Hisar model town ,Haryana ,Hissar ,
Shades Salon (Delhi ),9946007990,B D stat  market  shop no 4 
Nehru vihar north campus ,Delhi ,Delhi ,
Zehra Skin (Delhi ),9945364442,Visit ,Delhi ,Delhi ,
Glitter Beauty Salon  (Amritsar),9944301711,Green field ,Punjab,Amritsar,
Hair N Shanti (Noida),9944275969,Sec 76, Noida,Uttar Pradesh,Noida,
Blushing Ton Salon  (Delhi ),9943490982,Vikas puri ,Delhi ,Delhi ,
Blushing Ton Unisex Salon  (Delhi ),9941720001,Mahavir enclave ,Delhi ,Delhi ,
Shree Ganesh Enterprises  (Noida),9936940782,Parshvanath Plaza, Sec 26, Noida,Uttar Pradesh,Noida,
Distributor Point  (Noida),9936716333,UG 17, First Floor, Parsvanath Plaza, Sec 27, Noida,Uttar Pradesh ,Noida,
H2F Unisex Salon (Bangalore),9936194586,Dvg road ,Karnataka,Bangalore,
Gril In Beauty Salon (Noida),9936056525,Jalvayu Vihar Market, Sec 25, Noida,Uttar Pradesh ,Noida,
Headlines Pro Unisex Salon  (East delhi),9936010011,Mandoli road ram nagar,Delhi,East delhi,
Diamond Salon  (East delhi),9935917731,Mandoli road,Delhi,East delhi,
Javed Habib Unisex Salon  (Noida),9935434785,UGF, Bisrakh Rd, Sector 1, Bisrakh Jalalpur, Greater Noida, Uttar Pradesh 201306,Uttar Pradesh,Noida,
Office Visit  (Delhi ),9935336203,West Petal nagar ,Delhi ,Delhi ,
Neha Tripathi Makeover  (Ghaziabad ),9935218940,Shalimar Garden Ghaziabad ,Uttar Pradesh,Ghaziabad ,
Studio One X (Delhi),9934105456,MV Ph 3 East Delhi ,East Delhi ,Delhi,
Beauty Poetry  (New Delhi),9933485193,Safdarjung ,Delhi,New Delhi,
Beauty Look  (Delhi ),9932685079,Uttam Nagar ,Delhi ,Delhi ,
Annas Beauty  (Delhi),9931787319,Tilak nagar ,Delhi ,Delhi,
Pk Unisex Salon  (Delhi),9929235646,Janakpuri ,Delhi ,Delhi,
Purete Unisex Salon (Delhi ),9928950247,Janak Puri ,Delhi ,Delhi ,
Grace Look (Delhi ),9928630402,Janakpuri ,Delhi ,Delhi ,
Surbhi Beauty & Makeup  (Delhi ),9928199414,Janakpuri 
,Delhi ,Delhi ,
Smart Beauty Care  (Delhi ),9927900007,Janak puri West ,Delhi ,Delhi ,
Smart Beauty Care (Delhi ),9927780288,Vikas puri ,Delhi ,Delhi ,
Look& Style Unisex Salon  (West Delhi ),9927136292,Janakpuri ,Delhi ,West Delhi ,
Look & Style Unisex Salon  (Noida),9927074004,Shop number 5, B Block Market	opposite Radiant Academy School, Block B, Sector 55,Uttar Pradesh,Noida,
Look And Style Unisex Salon  (Jodhpur ),9926160325,Kudi Chb Jodhpur ,Rajasthan ,Jodhpur ,
Look N Style Unisex Salon  (Jalandhar ),9923045409,Model town jalandhar ,Punjab ,Jalandhar ,
 Looks & Style Unisex Salon  (Amritsar ),9919940718,Near d mart,Punjab ,Amritsar ,
Look & Style  (Batala),9919758465,Quadian chungi,Punjab,Batala,
Hashtag Family Salons  (Batala),9918860544,Qudiyan chungi,Punjab ,Batala,
Hashtag Family Salon (Amritsar ),9918575150,Jajh nagar near damuhi mandir,Punjab ,Amritsar ,
Sawri Saondrya (Amritsar ),9918563009,Bharat nagar,Punjab ,Amritsar ,
D Nex Salonn (Nawa),9918549470,Railway road,Punjab,Nawa,
Sakhi Saheli (Ablu),9918388448,Pathankot ,Punjab,Ablu,
Ras Make Up Studio  (Amritsar ),9917328672,Pawan nagar bazar,Punjab ,Amritsar ,
D8 Style Studio (Jalandhar ),9917263656,Model town jalandhar ,Punjab ,Jalandhar ,
Gravity, Thrissur  (Jalandhar ),9917247644,Model town ,Punjab ,Jalandhar ,
Aswathi Beauty Salon  (Amritsar ),9917215656,Fatehghar byepass,Punjab ,Amritsar ,
D Cube Uniseex Salon (Jalandhar ),9917121441,Model town jalandhar ,Punjab ,Jalandhar ,
Pink Me Up  (Kharar ),9916821071,Kharar,Punjab ,Kharar ,
Veera Unisex Salon (Hoshiarpur ),9916755653,Hoshiarpur ,Punjab,Hoshiarpur ,
Rush Family Salon (Amritsar ),9916488287,Crystal chonk near petrol pump ,Punjab ,Amritsar ,
Opel Family Salon (Amritsar ),9916345277,Crystal chonk ,Punjab ,Amritsar ,
Zoog Studio  (Zira),9916077776,XX9M+6CJ, Old NH-15, Zira, Punjab 142047,Punjab,Zira,
My Salon (Zira),9915887506,Near bus stand, zira ,Punjab,Zira,
Mohit Unisex Salon  (Zira),9915839633,Near bus stand,zira ,Punjab,Zira,
The Perfect Beauty Saloon  (Hoshia),9915596500,HOSHIARPUR ,Punjab,Hoshia,
The Original Salon (Jodhpur ),9915499584,Paota,Rajasthan ,Jodhpur ,
Kanchan Makeover  (Kanpur ),9915136111,Barra 2 ,Uttar Pradesh ,Kanpur ,
Gudiya Parlour  (Bangalore ),9915087796,Willson garden,Karnataka ,Bangalore ,
Sadik Unisex Salon  (Varanasi ),9915087748,Ganga pur Road ,Uttar Pradesh ,Varanasi ,
Gargi Makeover  (Lucknow ),9914802901,Arjunganj ,Up,Lucknow ,
Welcome To Kayakalp (Jodhpur ),9914797074,Airforce Jodhpur ,Rajasthan ,Jodhpur ,
Petal Salon (Achhnera),9914586033,Ranipur ,Uttar Pradesh,Achhnera,
Supriya  (Noida),9914566116,LOTUS BOULEVARD, Lotus Boulevard, Sector 100, Noida, Uttar Pradesh 201301,Uttar Pradesh ,Noida,
Aaradhya Salon (Kanpur ),9914558099,Kidwai Nagar ,Uttar Pradesh ,Kanpur ,
Madhu Beauty Parlor  (Jodhpur ),9914429238,Kudi Chb Jodhpur ,Rajasthan ,Jodhpur ,
Style And Art Salon (Jodhpur ),9914301999,Kudi Chb Jodhpur ,Rajasthan ,Jodhpur ,
Charming Bp (Raipur ),9914181181,Avanti vihar,Chattisgarh ,Raipur ,
Uzma Salon (Delhi ),9914171111,Demo booked ,Delhi ,Delhi ,
Venus Makeover  (Nagpur ),9911831083,Friends colony ,Maharashtra ,Nagpur ,
Aura Salon  (Nagpur),9911650550,Manewada road ,Maharashtra,Nagpur,
His And Her Family Salon (Bangalore ),9911627796,Nagarbhavi ,Karnataka ,Bangalore ,
Kirti Beauty Parlour  (Delhi ),9911521173,Ramesh Nagar ,Delhi ,Delhi ,
Magneto Salon (Delhi ),9911519194,Ramesh Nagar ,Delhi ,Delhi ,
Aaina Beauty Parlour  (Noida),9911374418,Gaur City -2, Greater Noida West ,Uttar Pradesh,Noida,
Texture Unisex Salon  (Noida ),9911166686,Shop no-9 Casawood stock market, Gaur city 2. Greater noida, Gaur City 2, Noida, Uttar Pradesh 201301,Uttar Pradesh ,Noida ,
Pure Looks Unisex Salon  (East delhi),9911144460,Agcr karkardooma,Delhi,East delhi,
Flying Mua Salon  (East delhi),9911138087,Agcr enclave karkardooma,Delhi,East delhi,
Vivazen (East delhi),9910905548,Balbir nagar shahdara,Delhi,East delhi,
Mahak Beauty Parlour  (Bakhtawarpur),9910635939,J block shopping complex saket,Delhi,Bakhtawarpur,
She'S Makeup Studio  (Faridabad),9910621047,Huda Market, Scf-59, Sector 26, Sector 46,,Haryana,Faridabad,
Makeover By Nisha  (Faridabad),9910460235,Huda Market, Scf-59, Sector 26, Sector 46,,Haryana,Faridabad,
Sachin Arts  (moradabad ),9910404350,near jain mandir ,up,moradabad ,
Choice Salon  (Delhi),9910224399,Shop No. 39, Cleo Street Near Gate No. 3 of Cleo vounty, Sector 121, Noida, Uttar Pradesh 201301, India,Delhi,Delhi,
Jyoti Di Modern Salon  (Noida ),9909351655,1st Floor,Shop No 123,127, Cleo St, next to CLEO COUNTY, Sector 121, Noida, Basi Bahuddin Nagar, Uttar Pradesh 201309,Uttar Pradesh ,Noida ,
Salon Hub (East delhi),9907567765,Mangal bazar road laxmi nagar,Delhi,East delhi,
Meeting  (South Delhi ),9905404505,South Extension Part 1, South Delhi ,Delhi ,South Delhi ,
Mc Unisex Salon  (Nagpur),9905113824,Nari road ,Maharashtra,Nagpur,
Cash Cafe Salon (Jodhpur ),9904918464,Ratnada ,Rajsthan ,Jodhpur ,
Refresh Unisex Salon  (Diglipur),9903488118,Vasai East ,Andaman and Nicobar Islands,Diglipur,
Sparx Salon (Achhnera),9901758878,Lahartara ,Uttar Pradesh,Achhnera,
Shwani Beauty Hub  (Noida),9901220960,Central Market, Sec 50,,Uttar Pradesh,Noida,
Shiwani Beauty Hub (Raipur),9901111400,Shanakrnagar,Chhattisgarh,Raipur,
 (Jyoti Salon Moga ) (Raipur ),9900567432,Anand nagar,Chattisgarh ,Raipur ,
Creative Hair Villa (Bangalore),9900345567,Kumarswamy layout ,Karnataka,Bangalore,
Shez Salon (Bakhtawarpur),9899991304,N 1 south extn 1,Delhi,Bakhtawarpur,
Curly Palace Salon  (Modinagar ),9899981304,Teacher colony ,UP,Modinagar ,
Curly Palace Salon (Modinagar ),9899963578,Teacher colony ,UP,Modinagar ,
Vohab Salon (Delhi ),9899886767,Rajori garden ,Delhi,Delhi ,
Catlook Salon  (Delhi ),9899590250,Rajori garden ,Delhi ,Delhi ,
Sk Hair Bar  (Delhi ),9899572776,Rajouri garden ,Delhi ,Delhi ,
The Magic Touch (East delhi),9899572234,Mandoli road shahdara,Delhi,East delhi,
Shikha Batra Salon Fzr (Delhi),9899546247,Naveen Shahdara ,Delhi,Delhi,
Shikha Batra Salon  (Noida),9899325324, Sec 20 Noida,Uttar Pradesh,Noida,
Harry Ambiance Salon Faridkot (Delhi ),9899263115,L-48 A j& k pocket dilshad garden ,Delhi ,Delhi ,
Shine And Glow  (Delhi ),9899214321,Dwarka ,Delhi ,Delhi ,
Babli Beauty Parlour  (Noida),9899167781,Sec 49, Noida,Uttar Pradesh,Noida,
Studio 7 Phagwara (Lucknow ),9899098589,Dalibagh,Up,Lucknow ,
Hair Mekar Unisex Salon  (Fezabad ),9899053578,,U.P.,Fezabad ,
Makeover Paradise Unisex Salon  (Lucknow ),9898015252,Ashiyana ,Up,Lucknow ,
Salon 96 (Guwahati ),9897869989,Pandu port road ,Assam ,Guwahati ,
Natures Way Salon  (Guwahati ),9897869655,Pandu store gate,Assam,Guwahati ,
Preety Ms Salon  (Gorakhpur),9897842912,Mangalam tower Golghar ,Uttar Pradesh,Gorakhpur,
Momentus Unisex Sqlon (Noida),9897816965,Shop no. -16, Ajnara Daffodil, opp. Felix Hospital, Sector 137,Uttar Pradesh,Noida,
Al Habib Unisex Salon (Bakhtawarpur),9897791570,Malvia nagar,Delhi,Bakhtawarpur,
Alhabib Unisex Salon (Bakhtawarpur),9897676545,Lajpat nagar ,Delhi,Bakhtawarpur,
Mamta Beauty Clinic & Makeup Studio Sastri Nagar  (New Delhi),9897657241,Old double story ,Delhi,New Delhi,
Grace Salon  (Delhi ),9897571531,
Janakpuri ,Delhi ,Delhi ,
Ultimate Unisex Salon (Delhi ),9897564634,West Petal nagar ,Delhi ,Delhi ,
Cut N Style Unisex Salon  (Noida),9897439212,Sec 100, Noida,Uttar Pradesh,Noida,
Angel Makeover  (Noida),9897194375,SUPREME TOWERS, Gadarpur, Sector 99, Noida, Uttar Pradesh 201303,Uttar Pradesh ,Noida,
Elegance Beauty Zone (Delhi ),9897114411,Uttam Nagar ,Delhi ,Delhi ,
Look Like Salon  (Delhi ),9897021300,Uttam Nagar ,Delhi ,Delhi ,
Ambika Makeover (Delhi ),9896901992,Uttam Nagar ,Delhi ,Delhi ,
Addys Saloon  (Delhi ),9896164916,Uttam Nagar ,Delhi ,Delhi ,
Shivi Makeup Studio  (West Delhi ),9896105548,Paharganj ,Delhi ,West Delhi ,
Curlz Studio  (Delhi ),9896098205,Tagore garden ,Delhi ,Delhi ,
G K Professional Salon (Coimbatore ),9895788366,Ganapathi ,Tamilnadu ,Coimbatore ,
Jenny Salon (Coimbatore ),9895641999,Ganapathi ,Tamilnadu ,Coimbatore ,
Dipa’S Lbp (Jodhpur ),9894410669,Pratap Nagar ,Rajsthan ,Jodhpur ,
Madu Shalini (Jodhpur ),9893864646,Lal sagar,Rajsthan ,Jodhpur ,
Studio 20 (Jodhpur),9892763530,Sardarpura ,Rajasthan,Jodhpur,
Oh Wow Salon (Pathanamthitta ),9891991752,2 nd floor 
Deepa Tower 
Thiruvalla ,Kerala ,Pathanamthitta ,
Oh Wow Salon  (ERANAKULAM ),9891719499,First FLOOR 
Westend plaza
Sankara iyyar,Kerala ,ERANAKULAM ,
Brownz (ERANAKULAM ),9891629071,Kk Tower
2 nd floor 
West fort jun
,Kerala ,ERANAKULAM ,
Tranquill  (Achankovil),9891593428,Paripally,Kerala,Achankovil,
Hair N Care Unisex Salon  (Kerala ),9891559000,KOODAPUZHA
CHALAKUDY ,KERALA ,Kerala ,
Polished Lounge Salon  (Bangalore),9891537904,Kumarswamy layout ,Karnataka,Bangalore,
D Salon (Coimbatore ),9891505071,Pappanaikan palayam,Tamilnadu ,Coimbatore ,
Twins Hair & Makeover  (Coimbatore ),9891407890,MTP Road,Tamilnadu ,Coimbatore ,
Innovative Unisex Salon  (Coimbatore ),9891404857,Gamdhipuram,Tamilnadu ,Coimbatore ,
Glam N Glitter Salon  (Fatehghar churian ),9891355631,Ajnala road opp icici bank ,Punjab ,Fatehghar churian ,
Aakanksha Makeover  (Lucknow ),9891340861,Mallhor ,Up,Lucknow ,
Styling Station Unisex Salon (Kanpur ),9891286249,Govind Nagar ,Uttar Pradesh ,Kanpur ,
Verma Beauty Salon (Kanpur ),9891263573,Shastri Nagar Chota PSC ground ,Uttar Pradesh,Kanpur ,
Wonder Cut Unisex Salon (Achhnera),9891167962,Pahdiya ,Uttar Pradesh,Achhnera,
Sharon Makeover (Varanasi ),9891128306,Pahdiya Aashapur,Uttar Pradesh ,Varanasi ,
R K Enterprises  (Lucknow),9891105102,Buttler chouraha ,Uttar Pradesh,Lucknow,
R K Enterprises (Lucknow ),9891016226,Arjunganj ,Up,Lucknow ,
Rk Enterprise  (Kanpur ),9889775641,Govind Nagar ,Uttar Pradesh ,Kanpur ,
Scissors Unisex Salon  (Lucknow),9889060606,Mallhor ,Uttar Pradesh,Lucknow,
New Wave Family Salon  (Lucknow ),9889030287,Malhore,Up,Lucknow ,
Rejuvenate Professional Salon  (Lucknow ),9888974738,Arjunganj ,Up,Lucknow ,
Imperial Focus Unisex Hair Studio  (Other),9888959582,Bootymore,Andaman and Nicobar Islands,Other,
Paras Beauty Parlour  (Panchkula),9888929897,Peermuchalla ,Haryana,Panchkula,
Bengal Beauty Parlour  (Shiliguri),9888881235,I t i more. maldah,West Bengal,Shiliguri,
Riya Makeover Studio  (Other),9888844822,Ratu road ,Andaman and Nicobar Islands,Other,
Reel Family Salon (Jodhpur ),9888804385,Pratap Nagar ,Rajsthan ,Jodhpur ,
She Beauty Parlour  (Jodhpur),9888727397,Chb kudi,Rajasthan,Jodhpur,
Genious Salon  (Jodhpur ),9888727379,Chb,Rajsthan ,Jodhpur ,
Radhika Beauty Parlour  (Jodhpur ),9888672858,Pratap Nagar ,Rajsthan ,Jodhpur ,
Radiant Beauty Parlour  (moradabad ),9888619980,kashiram ,up ,moradabad ,
Eram  (Meerut ),9888601797,Garh road ,UP ,Meerut ,
Erum  (Kashipur ),9888579045,Spectrum mall ,Uttrakhand ,Kashipur ,
Snip Salon  (Meerut),9888566530,Bagpat road ,Uttar Pradesh,Meerut,
Kajal Hair Salon  (Raipur ),9888539257,Mova,Chattisgarh ,Raipur ,
Heena Beauty Parlour  (Nagpur ),9888444564,Takli Godhni ,Maharashtra ,Nagpur ,
Anu Beauty Parlour  (Lucknow ),9888336444,Aliganj,Up,Lucknow ,
Dlight Saloon  (Lucknow ),9888321398,Indra Nagar , Bhoothnath ,U.P.,Lucknow ,
Punjabi Profational  (Kanpur ),9888234558,Vikas nagar ,Uttar Pradesh,Kanpur ,
Hair De (Noida),9888211599,Sec 77, Noida,Uttar Pradesh,Noida,
Muhabath (Lucknow),9888202833,Gomtinagar ,Uttar Pradesh,Lucknow,
Akshayas (Jaunpur ),9888196386,Jaunpur ,Uttar Pradesh ,Jaunpur ,
Blond Studeo (Allahabad ),9888169422,Naini,Uttar Pradesh ,Allahabad ,
Midas Touch Family Salon  (Achhnera),9888164630,Rithani ,Uttar Pradesh,Achhnera,
Dimond Unisex Salon (Jaspur ),9888154467,,Uttrakhand ,Jaspur ,
Pearl Beauty Point  (Bazpur ),9888068601,,Uttrakhand ,Bazpur ,
Beauty Craft Unisex Salon  (Bazpur ),9888066199,,Uttrakhand ,Bazpur ,
Beauty Craft Unisex Salon (Kashipur ),9888022793,,Uttrakhand ,Kashipur ,
Beuaty Craft Unisex Salon  (Rudrapur ),9888010586,rudrapur,uttarakhand ,Rudrapur ,
Saloni Beauty Salon (Bangalore),9888007208,JP nagar ,Karnataka,Bangalore,
Q3 Salon (Bangalore),9887244690,Meeting with NSM jagadeesh sir,Karnataka,Bangalore,
Beauty Hub (Bangalore),9886774826,Kanakpura road ,Karnataka,Bangalore,
Tarika Beauty Salon  (East delhi),9886168989,Dilshad garden,Delhi,East delhi,
Dulhan Makeup Srudio (Bangalore),9882999933,HSR layout ,Karnataka,Bangalore,
Parfact Unisex Salon  (Amritsar ),9881553414,Near trillium mall,Punjab ,Amritsar ,
Sr Beauty Salon  (Amritsar),9880398104,Majitha road gurduware wali gali,Punjab,Amritsar,
Sz Unisex Salon (Amritsar ),9880306063,Gurduare wali gali majitha road ,Punjab ,Amritsar ,
Affinity Studio Unisex Salon  (Moga),9879797980,Bage gali , Moga ,Punjab,Moga,
Elegance Look  (Amritsar ),9879302483,Chamlang road,Punjab ,Amritsar ,
Anjali Beauty Parlour  (Taran tarn),9878861528,Darbar sahib bazar,Punjab ,Taran tarn,
Magnifera Salon  (Panchkula),9878834534,Sec 7,Haryana,Panchkula,
Pragya'S Beauty Clinic  (Panchkula ),9878725348,Sco48 sec 7 Panchkula ,Haryana ,Panchkula ,
Gauri By Karan Soni  (Amritsar ),9878679089,Loharka road,Punjab ,Amritsar ,
Gauri By Karan  (Kapurthala),9878675612,Amritsar road,Punjab,Kapurthala,
Aarif Salon (Kapurthala),9878629203,Near sham sweet kapurthala ,Punjab,Kapurthala,
Harry'S Salon (Kharar),9878576044,Kharar,Kharar,Kharar,
Scissor Edge Salon (Firozepur ),9878566166,Near nam dav chock, Firozpur ,Punjab,Firozepur ,
Oleega Salon (Noida),9878464008,near LIC Building, Model Town, Firozpur, Punjab 152002,Punjab,Noida,
Divine Beauty Studio  (FARIDKOT ),9878429970,Circal road , Faridkot ,Punjab,FARIDKOT ,
Rex Salon (Kapurthala),9878415947,Ramneek chownk kapurthala ,Punjab,Kapurthala,
Daniel Beauty Hub (Kharar),9878383430,New chandigarh ,Kharar,Kharar,
Lucknow Look Unisex Salon  (Jalandhar ),9878353105,Phagwara ,Punjab,Jalandhar ,
Lucknow Looks Salon  (Delhi ),9878269370,Tilak nagar ,Delhi ,Delhi ,
Anoop Creative Touch (Delhi ),9878134830,Tilak nagar ,Delhi ,Delhi ,
Dev Bros Saloon Moga (Delhi ),9878113822,Hari nagar ,Delhi ,Delhi ,
Arjun Makeover (Delhi ),9878099870,B102,  Ashok Nagar Extension, New Ashok Nagar, New Delhi, Delhi, 110096,Delhi ,Delhi ,
Avenue Salon (Noida),9878090890,C Block, Sector 15, Noida, Uttar Pradesh 201301,Uttar Pradesh,Noida,
Healing Spa And Beauty Salon (Delhi ),9877837619,Dwarka ,Delhi ,Delhi ,
M Aijaz Salon  (East delhi),9877836736,E block krishna nagar near capital lab delhu,Delhi,East delhi,
Luxurious Salon (East delhi),9877710298,Gtb enclave dilshad garden,Delhi,East delhi,
Attitude Salon And Academic  (East delhi),9877601112,Gtb janta flat,Delhi,East delhi,
Face Graph Salon (Ghaziabad ),9877525807,Sastri Nagar Market Ghaziabad ,Uttar Pradesh,Ghaziabad ,
Impression Salon (Noida),9877091549,K, 89, 5th Ave, Gaur City 1, Sector 4, Greater Noida West ,Uttar Pradesh,Noida,
Negi Salon (East delhi),9877031723,Mayur vihar ph 2,Delhi,East delhi,
Ki&Ka Salon (Noida),9876946671,First floor, shop, Paras One33, no. 7, sector 133, Noida, Shahpur Govardhanpur Bangar, Uttar Pradesh 201304,Uttar Pradesh ,Noida,
Bobby Hair Designer (Delhi ),9876300843,B-1032 janhagirpuri 
Shop no -8  
Delhi 33,Delhi ,Delhi ,
Rashid Salon (West Delhi ),9876100821,Vikas puri ,Delhi,West Delhi ,
M7 Salon  (Delhi ),9876056582,Dwarka ,Delhi ,Delhi ,
Ashraf Salon (East delhi),9876016806,Balbir nagar shahdara,Delhi,East delhi,
Stuyland Salon (Talwandi Bhai) (Rajkot ),9876016805,Ram park main road,Gujrat ,Rajkot ,
Harry'S Salon  (Kanpur ),9875481843,Kidwai Nagar ,Uttar Pradesh ,Kanpur ,
Abdul Unisex Salon  (Jamshedpur),9874050552,Azadnagar, Near Chepa Pull, Beside HDFC Bank ,Jharkhand,Jamshedpur,
New Afro Unisex Salon  (Jamshedpur),9873898066,1st Floor Tiwari Complex, Thakur Bari Road, Sakchi,Jharkhand,Jamshedpur,
D&D Salon  (Rajkot ),9873879730,Bh d Mart kuvadva road,Gujrat ,Rajkot ,
D&D Salon (chndannagar),9873838352,P.O & P.S Chandannagar 712137,hoogley,chndannagar,
Apeksha Salon (Itanagar),9873828839,Kaggalipura ,Arunachal Pradesh,Itanagar,
Elora Salon (Bangalore ),9873673100,Aseya  road,Karnataka ,Bangalore ,
Nirvana Unisex Salon  (Bangalore),9873640692,Sarjapur road ,Karnataka,Bangalore,
The Royal Saloon  (Bangalore),9873640592,Sarjapur road ,Karnataka,Bangalore,
Ashiyani Beauty Parlour  (Itanagar),9873518587,Rajeevnagar ,Arunachal Pradesh,Itanagar,
San Beauty Parlour  (Abbigeri),9873280270,Vontikoppal ,Karnataka,Abbigeri,
Shree Beauty Salon  (Noida),9873181606,Central Market , Sec 41, Noida,Uttar Pradesh,Noida,
Jazzup Beauty Point  (Noida),9873164626,Cetral Market, Sec 41, Noida,Uttar Pradesh,Noida,
S Kumar Salon (Delhi ),9873123149,Janakpuri ,Delhi ,Delhi ,
House Of Beautty Salon (Dharamkot) (Noida),9873060737,K-1,2nd Floor, Dharam Palace, K Block, Pocket E, Sector 18, Noida, Uttar Pradesh 201301,Uttar Pradesh,Noida,
Simroze Boutique  (Delhi ),9872994203,Moti nagar ,Delhi ,Delhi ,
Kingsway Salon (Delhi),9872934346,Tilak nagar ,Delhi ,Delhi,
Styllo Unisex  (Noida ),9872919764,Gali Number 4, near PNB Bank, Hazipur, Sector 104, Noida, Uttar Pradesh 201304,Uttar Pradesh ,Noida ,
Tanishka Beauty Parlor  (Noida),9872621931,Central Market Sec 50, Noida,Uttar Pradesh,Noida,
Khushboo Beauty Parlour Kotkapura (East delhi),9872375019,East aazad nagar chowk krishna nagar,Delhi,East delhi,
Attractive Salon (Bakhtawarpur),9872374745,M 3 south extn 2 new delhi,Delhi,Bakhtawarpur,
Attractive Beauty Salon  (East delhi),9872320057,Krishna nagar,Delhi,East delhi,
Style Lounge  (North delhi),9872267606,Krishna nagar,Delhi,North delhi,
Urvi Salon  (East delhi),9872158877,Laxmi nagar,Delhi,East delhi,
Beauty Garden Salon Firozpur (Delhi ),9872117014,X block brahampuri ,Delhi ,Delhi ,
The Luxury Salon Kotkapura (East delhi),9871939222,X227. Main road brahmpuri delhib110053,Delhi,East delhi,
Makeup House Salon (Noida),9871811506,Gali No 7 Bhirampuri 
East Delhi ,Uttar Pradesh,Noida,
Shilpa Beauty Salon (Delhi ),9871772601,Uttam Nagar ,Delhi ,Delhi ,
Odel Salon (Rajkot ),9871752535,Kisan. Para chowk,Gujrat ,Rajkot ,
Sania Screen Makeover  (Meerut ),9871669975,Bagpat road ,UP ,Meerut ,
Nice Beauty Salon (Muzaffarnagar ),9871550608,New mandi ,UP,Muzaffarnagar ,
Maintain Beauty Parlor  (Meerut),9871543024,Ashok vihar ,Uttar Pradesh,Meerut,
Bhati Looks  (Meerut ),9871505342,Sadar,UP,Meerut ,
Elen Salon (Achhnera),9871444336,Mawana ,Uttar Pradesh,Achhnera,
Elan Salon (Jodhpur),9871403722,Chb Jodhpur ,Rajasthan,Jodhpur,
Womens Era (Meerut ),9871321135,Kanker khera ,UP ,Meerut ,
Womens Era Salon (Moradabad),9871317943,,Uttar Pradesh,Moradabad,
Styleing Station  (moradabad ),9871252687,buddhi vihar ,up ,moradabad ,
He&She Salon Talwandi Sabo (Meerut ),9871225597,Gandhi colony ,UP,Meerut ,
Colour Crystal Salon Firozpur  (Meerut ),9871028237,RTO road ,UP ,Meerut ,
Style Locs Salon (Roorkee ),9870569187,Talkies complex 1st floor civil lines roorkee ,Uk,Roorkee ,
Style Loc Salon (Roorkee ),9870312204,Roorkee ,Uk,Roorkee ,
Graduate Salon (Meerut),9870116530,Saket ,Uttar Pradesh,Meerut,
Gradute Salon (Meerut ),9870067512,Abulane ,UP,Meerut ,
Graduate Salon  (Meerut),9868430420,Gandhi colony ,Uttar Pradesh,Meerut,
The Hair Studio  (Fatehabad),9868061091,Jwahar chiwk ,Haryana,Fatehabad,
Puzzle Salon & Acedemy  (Hisar),9867862356,Sec 14,Haryana,Hisar,
Puzzle Salon (Hissar ),9867399462,Sec 14,Haryana ,Hissar ,
Kamal Beauty Salon Fdk (Hisar),9867176358,Model town,Haryana,Hisar,
Hobibs  (Fatehabad),9867123456,Main bajar ,Haryana,Fatehabad,
Gurbir Makeover  (ERANAKULAM ),9865730087,Thevara,Kerala ,ERANAKULAM ,
Scissors Makeover  (Quilon),9865326734,Edava,Kerala,Quilon,
Artistry Professional Salon  (Coimbatore ),9861301969,Ganapathy,Tamilnadu ,Coimbatore ,
Hair N Shanti Salon  (Raipur ),9860883953,Shankarnagar,chaipati,Chattisgarh ,Raipur ,
Personaz Unisex Salon  (Diglipur),9860396592,Matunga east ,Andaman and Nicobar Islands,Diglipur,
Absolute Star Unisex Salon (East delhi),9859406282,Dilshad garden,Delhi,East delhi,
Exllent Makeup Studio (Noida),9858397336,Shop nos 2-5 , LGF, Ajnara daffodil market, near Felix Hospital, Paras Tierea, Sector 137, Noida, Uttar Pradesh 201305,Uttar Pradesh,Noida,
Avon Makeover (Noida ),9858070086,Shop No. D, 34, B Block, Gardenia Glory, Sector 46, Noida, Uttar Pradesh 201301,Uttar Pradesh ,Noida ,
Avon Makeup Studio (Noida),9855900188,Sector 137 Paras tiera commercial 2 shop no.21, Noida, Uttar Pradesh 201305,Uttar Pradesh,Noida,
Luxury By Roop  (Noida),9855883990,Felix Hospital, near, Sector 137 Paras tiera commercial 2 shop no.21 grond, Noida, Uttar Pradesh 201305,Uttar Pradesh,Noida,
Lr Luxury By Roop Unisex Salon  (Noida ),9855877993,Felix Hospital, near, Sector 137 Paras tiera commercial 2 shop no.21 grond, Noida, Uttar Pradesh 201305,Uttar Pradesh ,Noida ,
Beauty Unisex Salon  (Faridabad),9855856409,895, Sector 21C, Faridabad,Haryana,Faridabad,
Stylofi Unisex Salon  (Noida),9855822788,A-66, Golf Marg, Block A, Sector 51,Uttar Pradesh,Noida,
Stylofie  Unisex Salon  (East delhi),9855772557,Krishna ngr chhachhi bulding,Delhi,East delhi,
Buddy Makeover (Delhi ),9855762011,Janakpuri ,Delhi ,Delhi ,
Boddy Makover (Ghaziabad ),9855636075,Shastri Nagar Ghaziabad ,Uttar Pradesh,Ghaziabad ,
Beauty N Blonde Unisex Salon  (East delhi),9855630575,Bhola nath nagar,Delhi,East delhi,
Star Angel Beauty Salon (Delhi ),9855554177,Ramesh nagar ,Delhi ,Delhi ,
Ar Dezire Salon  (Delhi ),9855533272,Uttam Nagar ,Delhi ,Delhi ,
Ar Dezire Unisex Salon  (West Delhi ),9855434214,Uttam Nagar ,Delhi ,West Delhi ,
A R Desire Unisex Salon  (Bakhtawarpur),9855355111,Old double story lajpat nagar,Delhi,Bakhtawarpur,
Scissors Square  (Noida),9855336161,Eitta 2 Gr Noida ,Uttar Pradesh,Noida,
Laavish Salon (Delhi ),9855245646,Chhatarpur delhi ,Delhi ,Delhi ,
Lavish Salon (Noida),9855154274,Mandawali, West Vinod Nagar, Delhi PIN- 110092
,Uttar Pradesh,Noida,
Preet Beauty Parlour  (Delhi),9855083607,Shop No 2, DDA Market, B-5, Humayunpur, Safdarjung Enclave, New Delhi, Delhi 110029,Delhi ,Delhi,
Perfect Point  (Noida),9855029125,Shop No. 10, above Airtel Store, J Block, Sector 25, Jal Vayu Vihar, Noida, Uttar Pradesh 201301,Uttar Pradesh,Noida,
Hair Launch (Kanpur ),9854376548,Govind Nagar ,Uttar Pradesh ,Kanpur ,
Shehnai Beauty Salon  (Kanpur ),9851954508,Govind Nagar ,Uttar Pradesh ,Kanpur ,
Amrit Makeover  (Kanpur ),9850749041,Govind Nagar ,Uttar Pradesh ,Kanpur ,
Jasmeen Salon (Lucknow ),9850300540,Jai prakash nagar ,Up,Lucknow ,
New Look Salon (Chandigarh ),9847476476,Sec 19c Chandigarh ,Ut,Chandigarh ,
Hd 76 Salon & Academy  (Amritsar ),9847362252,Gopal mandir chonk ,Punjab ,Amritsar ,
Hd 76 Salon & Acedemy  (Panchkula ),9846846878,Sec 11,Haryana ,Panchkula ,
Priyanka Make Over (Ludhiana ),9846753573,Shop no 62.63.64 opp jain hospital radha Swami road chandigarh road Ludhiana ,Punjab ,Ludhiana ,
Elegant Touch Salon (Chandigarh ),9846514627,Sec 46 chandigarh ,UT ,Chandigarh ,
Elegant Touch Unisex Salon  (Batala),9845926921,Main bazar,Punjab,Batala,
Makeover By Shobha (Lucknow ),9845768476,Teli Bagh, Rukhmani Vihar, Lucknow 226002,Uttar Pradesh,Lucknow ,
Aura Unisex Salon (Lucknow ),9845700442,Telibagh,Up,Lucknow ,
Nice Unisex Salon  (Amritsar),9845432677,Green Avenue ,Punjab,Amritsar,
7 Studio Salon  (Moga),9845237510,Partap road, Moga ,Punjab,Moga,
Beauty Craft Salon  (Pathankot),9844783724,Tangu road,Punjab,Pathankot,
7 Studio Unisex Salon  (Kharar),9844234446,Kharar,Kharar,Kharar,
Hair City Unisex Salon  (Kharar),9840535420,Kharar,Punjab,Kharar,
Bride Makeover (Phagwara ),9839773838,Phagwara ,Punjab ,Phagwara ,
Studio 75 Salon (Hoshiarpur ),9839545639,Mahilpur ,Punjab,Hoshiarpur ,
Kavita Makeover (Kapurthala),9838946164,Busstand kapurthala ,Punjab ,Kapurthala,
Bon Temps Unisex Salon  (Chandigarh ),9838841020,Sco 89 sec 46 c,UT,Chandigarh ,
Hair Plus Unisex Salon  (Amritsar),9838615944,Green Avenue ,Punjab,Amritsar,
Perfection Everyday Wellness (Amritsar ),9838608881,Green avenue ,Punjab ,Amritsar ,
Zs Unisex Salon  (Amritsar),9838475725,Near lal devi Mandir ,Punjab,Amritsar,
Adayein  Salon  (Amritsar ),9838474881,Lal devi mandir rani ka bagh,Punjab ,Amritsar ,
Ridhi Sidhi Beauty Parlour  (Amritsar ),9837958558,Near lal devi mandir,Punjab ,Amritsar ,
 Xclusive Unisex Salon (Chandigarh ),9837902154,Sec 21 chandigarh ,UT ,Chandigarh ,
Wow Makeover Salon (Chandigarh ),9837826800,Sec 21D,UT ,Chandigarh ,
Wow Makeovers  (Panchkula ),9837801731,Sec 8 Panchkula ,Haryana ,Panchkula ,
Beauty Creze  (Jalandhar ),9837659827,Model town ,Punjab,Jalandhar ,
Makeup House Salon  (Jalandhar ),9837659826,Model town jalandhar ,Punjab,Jalandhar ,
Transfarmesion Unisex Salon  (Amritsar ),9837659817,Jamun wali gali,Punjab ,Amritsar ,
Quality Unisex Salon Govind Nagar  (Talwandi bhai),9837658181,Mani bazar , talwandi Bhai ,Punjab,Talwandi bhai,
B Beauty Salon  (Talwandi Bhai),9837455521,Main bajar, talwandi Bhai ,Punjab,Talwandi Bhai,
Kalakaar Salon  (Talwandi bhi ),9837434045,Main bajar, Talwandi bhi,Punjab,Talwandi bhi ,
Puja Beauty Parlour  (Chandigarh),9837224696,Sec 19,Punjab,Chandigarh,
As Tradeline (Chandigarh),9837219737,Sec 44D,Punjab,Chandigarh,
Shruti Make Over  (Mohali),9837129067,Mohali phase 7,Punjab ,Mohali,
Hair Length Salon  (Amritsar),9837105682,Rani ka bagh ,Punjab,Amritsar,
Manish Parlour  (Amritsar ),9837030456,Rani ka bagh,Punjab ,Amritsar ,
Hair Raisers Lux Salon (Chandigarh),9836304104,Sec 34,Punjab,Chandigarh,
Mj Color Trends  (Chandigarh),9835633910,Sec 36,Punjab,Chandigarh,
Mj (Abbigeri),9835547077,Kumarswamy layout ,Karnataka,Abbigeri,
Prince Hair Salon (Muktsar) (Kangra ),9835468321,Main market Palampur ,Himachal Pradesh,Kangra ,
Reetu Beauty Parlour  (Nagpur),9835465949,Manewada ,Maharashtra,Nagpur,
Blue Cut Salon (Bangalore ),9834839242,Cambridge road,Karnataka ,Bangalore ,
Deepa Beauty Salon (Bangalore),9834567212,Anjanapura,Karnataka,Bangalore,
Simran Beauty Salon (Jodhpur ),9834231212,Paota,Rajasthan ,Jodhpur ,
Femz Makeup Studio (Rajkot ),9834079115,Pedak road,Gujrat ,Rajkot ,
The Classic Salon (Dharmkot),9830942491,Main bazar,Dharomkot,Punjab,Dharmkot,
Narinder Makeover  (Kap),9830512760,Sheikhupur kapurthala ,Punjab,Kap,
Narinder Make Over  (Chandigarh ),9830489029,Sec 20 chandigarh ,Ut,Chandigarh ,
The Royal Scissor Salon (Jodhpur ),9830297560,Kudi Chb Jodhpur ,Rajasthan ,Jodhpur ,
Tricoz Salon (Jodhpur ),9830233491,Paota jodhpur ,Rajsthan ,Jodhpur ,
Rafi'S Salon Barnala (Kotkapura ),9830203771,Mane bazar, kotkapura ,Punjab,Kotkapura ,
Ritz Salon (Amritsar),9830076736,Sandhu colony majitha road ,Punjab,Amritsar,
Shobha Chawla Makeover  (Amritsar ),9830074173,Near meer shah dargah majitha road,Punjab ,Amritsar ,
Blush Beauty Salon (Jalandhar ),9829760433,,Punjab,Jalandhar ,
Grace Beauty Salon (Kap),9829699099,Kartarpur road ,Punjab,Kap,
Make Me Up Salon (Ferozepore),9829603538,Mani bazar, Firozpur ,Punjab,Ferozepore,
Punjaban Bride (Kotkapura ),9829026107,Mane bazar, kotkapura ,Punjab,Kotkapura ,
Punjaban Bride  (Chandigarh ),9829026060,Sec 44D chandigarh ,Ut,Chandigarh ,
About U Salon (Kharar),9829021077,Kurali ,Kharar,Kharar,
Man Zone  (Amritsar ),9828626210,C block markit,Punjab ,Amritsar ,
Opera Beauty Parlour  (Amritsar ),9828564210,Ut markit,Punjab ,Amritsar ,
Lal Peira (Kharar),9828474881,Kurali ,Kharar ,Kharar,
Cameo Fashion Factory  (Jodhpur),9827461750,Madore Jodhpur ,Rajasthan,Jodhpur,
Chapter 6 (Jodhpur ),9826478283,Kudi Chb Jodhpur ,Rajasthan ,Jodhpur ,
Al Habib Salon  (Jalandhar ),9826418423,Model town jalandhar ,Punj,Jalandhar ,
Winspa Family Salon (Jalandhar ),9826151605,Model town jalandhar ,Punjab,Jalandhar ,
Shivika Arora (Taran tarn),9826094330,Bohri chonk opp axis bank,Punjab ,Taran tarn,
Shivika Arora  (Taran tarn ),9825428872,Bouri chonk near petrol pump ,Punjab ,Taran tarn ,
Le Orchid  (Tarn Taran),9824564080,Bohri chonk,Punjab,Tarn Taran,
Gorgious Salon  (Jodhpur),9823541262,Sardarpura ,Rajasthan,Jodhpur,
Surabhi Beauty & Makeup  (Talwandi sabo),9822238687,Near court complex, talwandi sabo ,Punjab,Talwandi sabo,
Da Evolve Salon  (Ferozepore),9821663820,Name Dave chock firozepur ,Punjab,Ferozepore,
Shree Beauty Care (Batala),9821208373,Near hasli pul,Punjab,Batala,
Hair Point Salon  (Batala),9821067101,Jalandar road near hasli pull,Punjab ,Batala,
Riya Makeover Salon  (Amritsar),9821007129,A block Markit ,Punjab,Amritsar,
Nancy Saloon  (Amritsar ),9820612008,A block markit,Punjab ,Amritsar ,
Metro Salon (Amritsar ),9820608084,A block markit ,Punjab ,Amritsar ,
Creative Cute Unisex Salon  (Jalandhar ),9820575389,Model town jalandhar ,Punjab ,Jalandhar ,
Orifime Beauty Salon  (Jandala ),9818996735,Lovekuch chonk ,Punjab ,Jandala ,
Shipra Makeover  (Jandiala),9818984055,Lovekuch chonk,Punjab,Jandiala,
Kirti Parlour  (FARIDKOT ),9818915937,Bathan Street, Main Bazar, Faridkot, Punjab 151203,Punjab,FARIDKOT ,
S R Unisex (Amritsar ),9818735747,Kenidv avenue  Amritsar ,Punjab ,Amritsar ,
Anuz Unisex (Patti),9818635205,Taran tarn road,Punjab ,Patti,
S R Unisex  (Taran tarn),9818535410,Jandala byepass,Punjab ,Taran tarn,
Women'S Era Salon  (chandannagar),9818494639,tematha sib mandir chandannagar hooghly,hooghly,chandannagar,
Prerna Makeup Studio  (Kolkata ),9818476551,845, 2, Kalikapur Rd, Purbapally, Kalikapur, Kolkata, West Bengal 700099,West Bengal ,Kolkata ,
Women'S Look Beauty Parlour  (South Delhi ),9818436235,South Extension Part 1, South Delhi ,Delhi ,South Delhi ,
Ndiva Salon (Noida),9818362532,Cetral Market, Sec 41, Noida,Uttar Pradesh,Noida,
N Diva (Noida),9818306337,Central Market , Sec 41, Noida,Uttar Pradesh,Noida,
Gurnoor Salon  (Faridabad),9818279506,1st floor, Sco 138, Market, Sector 21C,Haryana,Faridabad,
The Crown Salon (East delhi),9818266950,Krishna nagar main mkt,Delhi,East delhi,
Colour Makeup Studio  (East delhi),9818235752,Rohtash nagar shivaji park,Delhi,East delhi,
Reflection Salon  (East delhi),9818216424,Shivaji park shahdara,Delhi,East delhi,
Nisha Makeover  (Delhi ),9818127681,Rzh-5 dwarka Sec -1,Delhi ,Delhi ,
Red Lip Salon  (Delhi ),9818122858,Dashrath puri,Delhi ,Delhi ,
Red Lips Makeover  (Hr),9818084112,Lajpat Nagar ,Hr,Hr,
Diamond Salon (Noida),9818075777,Shop No 12, Shopping complex, Lotus Panache, Sector 110,Uttar Pradesh,Noida,
Kharbanda Salon  (Noida ),9818056256,Lotus Panache, Sector 110, Noida, Uttar Pradesh,Uttar Pradesh ,Noida ,
Kamil Hair & Beauty Salon  (East delhi),9818016381,Rohtash nagar shshdara,Delhi,East delhi,
Cloud 9 Salon (East delhi),9817058010,Shivaji park shahdara,Delhi,East delhi,
W Salon  (Noida),9817000575,11th Avenue, Gaur City 2, Greater Noida West ,Uttar Pradesh,Noida,
Roop Nikhar Salon (East delhi),9815982888,Vishwas nagar Pandav road,Delhi,East delhi,
Avitash Bp Family Salon  (Noida),9815961472,Gulshan Ekebana, Shaop No. 103, Sec 143, Noida PIN 201306,Uttar Pradesh ,Noida,
Magmoon Salon (Noida),9815934100,Shop no-103, GULSHAN IKEBANA, street market, near Induslan bank, Sector 143, Noida, Uttar Pradesh 201306,Uttar Pradesh ,Noida,
The Looks Salon  (Noida ),9815853387,Shop no-103, GULSHAN IKEBANA, street market, near Induslan bank, Sector 143, Noida, Uttar Pradesh 201306,Uttar Pradesh ,Noida ,
Aesthetic Salon (Amritsar),9815833427,Green field ,Punjab,Amritsar,
R S Hair Studio  (Amritsar),9815798076,Green field ,Punjab,Amritsar,
Classic Unisex Salon  (Amritsar ),9815691905,Green field majitha road ,Punjab ,Amritsar ,
Rakhi Suman Family Salon  (Kharar),9815512332,New chandigarh ,Kharar,Kharar,
Glamzone Studio Salon (Amritsar),9815483825,Kot khalsha,Punjab,Amritsar,
Silent Tropicana  (Kapurthala),9815483824,Kartarpur road,Punjab ,Kapurthala,
Sudha’S Lbp (Nawashehar ),9815437334,Railway road ,Punjab ,Nawashehar ,
Colours Hair & Beauty Salon (Amritsar ),9815402917,Opp spring dail schol,Punjab ,Amritsar ,
Mirror Care (Amritsar),9815345479,Sultanwind road chora bazar,Punjab,Amritsar,
Jawed Habib Axis Mall (Amritsar),9815178312,100 ft road,Punjab,Amritsar,
Jawed Habib  Axis Mall (Taran tarn),9815131716,Opp aman karana store,Punjab ,Taran tarn,
Shagun Beauty Parlour  (Ajnala),9814974643,Main bazar,Punjab,Ajnala,
Mannu Unisex  (Beas),9814937092,Railway station markit ,Punjab ,Beas,
Yantra Unisex (Bakhtawarpur),9814898007,G 6 masjid moth south extn,Delhi,Bakhtawarpur,
Make Up Zone (Noida),9814875412,Supertech Mall, Sec 61 Noida,Uttar Pradesh,Noida,
Archna Unisex  (Noida),9814775755,Shoprix Mall, Sec 61, Noida,Uttar Pradesh,Noida,
Shades Unisex  (East delhi),9814762710,Mayur vihar ph 2 a poket,Delhi,East delhi,
Ims Salon & Accademy  (East delhi),9814753612,Aachary niketan mayur vihar ,Delhi,East delhi,
Bablas (Noida ),9814189341,Om Sai Market, E-4/4, E Block, Sector 56, Noida, Uttar Pradesh 201301,Uttar Pradesh ,Noida ,
Tokyo (Ghaziabad ),9814120406,Vashundhra Ghaziabad ,Uttar Pradesh,Ghaziabad ,
Pooja Makeover  (Noida),9813468670,E-BLOCK, Paras Tierea, Sector 137, Noida, Uttar Pradesh 201305,Uttar Pradesh ,Noida,
Eves Salon (Noida),9813268978,Shop no. -16, Ajnara Daffodil, opp. Felix Hospital, Paras Tierea, Sector 137, Noida, Uttar Pradesh 201301,Uttar Pradesh ,Noida,
Sakshi Beauty Parlour  (Noida),9813123086,Sector 137 Paras tiera commercial 2 shop no.21 grond, Noida, Uttar Pradesh 201305,Uttar Pradesh ,Noida,
Chocolate Salon  (Noida ),9812677535,E-BLOCK, Paras Tierea, Sector 137, Noida, Uttar Pradesh 201305,Uttar Pradesh ,Noida ,
Formen Salon (Delhi ),9811988934,Mahavir enclave ,Delhi ,Delhi ,
Cut&Curl Salon (East delhi),9811946041,Laxmi nagar,Delhi,East delhi,
Dipali Beauty Parlour  (Noida),9811914882,Sec 75, Noida,Uttar Pradesh,Noida,
Somya Makeover (East delhi),9811861665,Mandoli road shahdara,Delhi,East delhi,
Big Boss  (Delhi),9811833764,Green park main market, Delhi South ,Delhi ,Delhi,
Prabha Makeup Hair Studio  (Noida),9811789120,Sec 22 Noida,Uttar Pradesh ,Noida,
Mm Lounge Unisex Salon  (Noida ),9811784623,Shop. No. 1, Shopping Plaza, JM ORCHID, Aditya Celebrity Homes, Sector 76, Noida, Uttar Pradesh 201301,Uttar Pradesh ,Noida ,
Pincode 19 Family Salon  (Noida),9811744725,Central Market Mall, Sector 120, Noida, Uttar Pradesh 201307,Uttar Pradesh,Noida,
Krazia Unisex Salon  (Noida),9811639770,Eng Road, near Delhi Profit Bazar, opp. Sector 143B, Shahdara, Sector 142, Noida, Uttar Pradesh 201304,Uttar Pradesh ,Noida,
Hayders Family Salon  (Delhi),9811616917,Petal Nagar ,Delhi ,Delhi,
Image Salon (West Delhi ),9811558020,Hari nagar ,Delhi,West Delhi ,
Fresh Bloom Unisex Salon  (Jodhpur),9811512141,Chb2 ,Rajasthan,Jodhpur,
Kashish Salon  (East Delhi ),9811444683,Bhola Nath Nagar Shahdara ,Delhi ,East Delhi ,
Perfection Everyday (Noida),9811319417,Club 26 Compound , Sec 26, Noida,Uttar Pradesh,Noida,
Perfeshion Every Day (Noida),9811279991,E-1, Block E, Sector 26, Noida, Uttar Pradesh 201301,Uttar Pradesh,Noida,
Black & Beyond Salon  (Noida ),9811272124,Inside Club 26, Sector 26, Noida ,Uttar Pradesh ,Noida ,
Anmol Salon (Noida),9811232271,Amrpali eden park sec50
Noida Uttar Pradesh ,Uttar Pradesh,Noida,
Jain Distibution (Chandigarh),9811232242,Sec 44,Punjab,Chandigarh,
British Salon And Academy  (Mumbai),9811205029,Dadar West ,Maharashtra,Mumbai,
Castle Unisex Salon  (Kanpur ),9811193687,Govind Puri ,Uttar Pradesh ,Kanpur ,
Hina Makeover  (Ludhiana ),9810939305,Rada Swami bhawan chandigarh road ,Punjab ,Ludhiana ,
Glam Faces By Shailjaa (Zirakpur ),9810913094,Singh pura road zirakpur ,Punjab,Zirakpur ,
Mv Makeover  (Bhubaneswar ),9810894249,Madhu sudan nagar,Odisha ,Bhubaneswar ,
Tariq Da Salon  (Nagpur),9810784469,Om nagar nara road ,Maharashtra,Nagpur,
Beauty Craze Unisex Salon  (Nagpur ),9810766543,Nara road ,Maharashtra ,Nagpur ,
Beuty Craze Unisex Salon  (Chandigarh),9810703463,Sec 41,Punjab,Chandigarh,
New Century Beauty Salon (Silchar),9810658999,Hospital road, silchar ,Assam,Silchar,
Malika Hair & Makeup Studio (Mohali ),9810524806,First floor sec 82 mohali,Punjab ,Mohali ,
Dr Kathuria Skin Clinic (Jammu),9810448612,City,Jammu and Kashma«r,Jammu,
Jd Salon (Jammu),9810430048,City,Jammu and Kashma«r,Jammu,
Diva Salon (Abohar),9810369655,Mani bazar ,Punjab,Abohar,
Makeovers By Blooming Glow (Fatehghar churian ),9810367264,Near talab wala mandir station road kila colony ,Punjab ,Fatehghar churian ,
Lotos Parlour  (Fatehghar churian ),9810254922,Near talab wala mandir,Punjab ,Fatehghar churian ,
The Master Saloon  (Amritsar ),9810197647,Ut markit,Punjab ,Amritsar ,
Sundarta Salon  (Kharar),9810193809,Landra,Kharar,Kharar,
Harbal Beauty Parlour  (Kharar),9810193808,Kharar,Punjab ,Kharar,
Gazibo Salon Firozepur (Ludhiana ),9810116502,Jamalpur,Punjab ,Ludhiana ,
Gazibo Unisex Salon Fzr (Panchkula ),9810030232,Scf 102 sec 11 Panchkula ,Haryana ,Panchkula ,
Gazibo Salon  (Kapurthala),9810029776,Vpo sheikhpur kapurthala ,Punjab ,Kapurthala,
Pixy'S Salon (Kapurthala ),9810009485,,Punjab ,Kapurthala ,
Life Style Salon (Amritsar ),9809268065,Opp medical College ,Punjab ,Amritsar ,
Doll House  (Kapurthala),9809090890,,Punjab,Kapurthala,
Mini Moon (Barnala),9809089078,Main bazar, barnala,Punjab,Barnala,
Hair Inn (Amritsar),9809078908,Airport road ,Punjab,Amritsar,
Enlivan Salon (Amritsar ),9807889708,Airport road near petrol pump ,Punjab ,Amritsar ,
Enliven Salon (Jalandhar ),9807686325,Near ppr mall model town ,Punjab ,Jalandhar ,
U Like Salon (Kharar),9805045534,Kharar ,Punjab ,Kharar,
Venus Salon  (Kharar),9804677597,Kurali,Kharar,Kharar,
Modern School (Amritsar ),9803898047,Atta mandi,Punjab ,Amritsar ,
Roseline Salon (Fatehghar churian ),9803833947,Ajnala road near canara bank ,Punjab ,Fatehghar churian ,
Mak Kk Salon (Fatehghar churian ),9803574761,Near canara bank,Punjab ,Fatehghar churian ,
Hair Vision Salon (Panchkula ),9803362415,Dss 263 sec 20 Panchkula ,Haryana ,Panchkula ,
Waseem Salon  (Maldah),9803210209,Malda,West Bengal,Maldah,
Trend Salon Lohian (Nagpur ),9803174182,Somaleada ,Maharashtra ,Nagpur ,
Rabia Salon  (Nagpur ),9800952704,Khaparkheda ,Maharashtra ,Nagpur ,
Revsing Salon (ERANAKULAM ),9800584088,Thiruvalla,Kerala ,ERANAKULAM ,
Revising Salon (Achampet),9800580480,Near E max cinema ,Andhra Pradesh,Achampet,
Megha Beauty Parlour  (Achankovil),9799999186,Near E max cinema ,Kerala,Achankovil,
Om Bridal  (ERANAKULAM ),9799767756,Sekharapuram ,Kerala ,ERANAKULAM ,
Illuminate Salon (Delhi ),9793802021,Dilshaad colony ,Delhi ,Delhi ,
A&B (Kollam ),9793746890,Jerome nagar comcerical complex 
Chinnakada ,Kerala ,Kollam ,
Aman Makeup Artist  (Moradabad),9793486538,buddhi vihar,Uttar Pradesh,Moradabad,
Tik Tok (Moradabad),9793435333,buddhi vihar ,Uttar Pradesh,Moradabad,
Nandu Saloon  (Panchkula),9790393321,Sec 7,Haryana,Panchkula,
Moksha Mekeup Beauty  (Bangalore),9789897890,Anjanapura main road ,Karnataka,Bangalore,
Identity Salon (Delhi ),9789332052,Uttam Nagar 
Shanidev bazar road ,Delhi ,Delhi ,
Images Unisex Salon (Delhi ),9788494623,Janak Puri west ,Delhi ,Delhi ,
Ws Makeover (Chandigarh),9786966684,Sec 44,Punjab,Chandigarh,
W S Unisex Salon (Abbigeri),9786435765,Kumar Swamy layout ,Karnataka,Abbigeri,
Finger 'S Magic Unisex Salon  (Delhi ),9785847603,Mayur vihar phase 1 Delhi ,Delhi ,Delhi ,
Surabhi Makeup Studio  (Kanpur),9785777447,Barra 2 ,Uttar Pradesh,Kanpur,
Black Express Salon (Kanpur ),9785777443,Barra 2,Uttar Pradesh ,Kanpur ,
L R Salon  (Allahabad ),9785026006,Naini ,Uttar Pradesh ,Allahabad ,
Revital Saundarya Mantra Wellness  (Lucknow ),9784770444,Metro city,Up,Lucknow ,
In Style Unisex Salon (Gorakhpur ),9782815151,Babina hotel durga badi road Gorakhpur ,Uttar Pradesh ,Gorakhpur ,
Black Express Salon  (Gorakhpur),9782476909,10 no.borig Gorakhnath temple Gorakhpur ,Uttar Pradesh,Gorakhpur,
The Beauty Palace  (Lucknow ),9782474046,Vrindavan sec 2c,Up,Lucknow ,
Profile Salon  (Varanasi ),9782389585,Basahi,Uttar Pradesh ,Varanasi ,
Fusion Salon (Jodhpur ),9782376909,Pratap Nagar ,Rajsthan ,Jodhpur ,
Z F Unisex Salon (Jodhpur ),9782290055,Ratnada ,Rajsthan ,Jodhpur ,
Nandini Pruthi Makeover  (Jodhpur ),9781739256,Pratap Nagar ,Rajsthan ,Jodhpur ,
Nandini Purthi Makeover  (Rudarpur),9781583561,rudrapur,Uttarakhand,Rudarpur,
 Nandini Purthi  (Jaspur),9781423245,,Uttrakhand ,Jaspur,
Nandini  Purthi Makeover  (Meerut ),9781265345,RTO road ,UP ,Meerut ,
Keera Family Salon  (Meerut ),9781097010,Abulane ,UP,Meerut ,
The Fusion Unisex Salon  (Meerut ),9781065686,Abulane ,UP,Meerut ,
Vanity Makeover By Kiran (Rudarpur ),9781010691,Near gandi park,Uttrakhand ,Rudarpur ,
Vanity Makeover (Rudarpur ),9780908980,Avas vikas ,Uttrakhand ,Rudarpur ,
Velvet Touch Unisex Salon  (Rudrapur ),9780852025,,Uttrakhand ,Rudrapur ,
Touch N Glow Parlour  (moradabad ),9780759585,mda ,up,moradabad ,
Els By Jawed (Kashipur ),9780671009,,Uttrakhand ,Kashipur ,
Kashish Beauty Care (Meerut),9780664971,Saket ,Uttar Pradesh,Meerut,
Slique Unisex Salon  (Moradabad),9780656356,naveen nagar ,Uttar Pradesh,Moradabad,
Lady Care (Meerut ),9780651857,Kanker khera ,UP,Meerut ,
Grace N Looks Beauty Studio Raj Nagar  (Meerut ),9780397861,Kanker khera ,UP,Meerut ,
Hanu Enterprises  (Kashipur ),9780170522,,Uttrakhand ,Kashipur ,
Nail Itt (Meerut ),9780080581,Central market ,UP ,Meerut ,
Feel Fresh Makeover  (Modinagar ),9780069847,Railway road ,UP,Modinagar ,
Ladies N Gentleman Unisex Salon  (Jamshedpur),9780063053,3rd floor, Panchsheel Tower, Near IDTR, Adityapur ,Jharkhand,Jamshedpur,
Waves Salon  (Delhi ),9779923140,Main chowk burari ,Delhi ,Delhi ,
S&A Beauty Salons  (Jamshedpur),9779772247,Adityapur. 2, Road No. 4,Jharkhand,Jamshedpur,
Mk Makeover Unisex Salon  (Jamshedpur ),9779715929,Adityapur ,Jharkhand ,Jamshedpur ,
Madonna Unisex Salon (Diglipur),9779661061,Morabadi ,Andaman and Nicobar Islands,Diglipur,
Madonna Make Over (Nagpur ),9779297996,Pension Nagar ,Maharashtra ,Nagpur ,
Madonna Beauty Salon  (Delhi ),9773886651,Visit ,Delhi ,Delhi ,
Meghna  Luxury Salon  (Jodhpur),9773378530,Sardarpura ,Rajasthan,Jodhpur,
Gorgeous Salon  (Jodhpur ),9773278656,Pawta ,Rajasthan ,Jodhpur ,
Kelly Beauty Parlour (Nagpur ),9772277543,Saoner ,Maharashtra ,Nagpur ,
Nilaa (Kolkata),9770187849,2/97, Azadgarh, Tollygunge, Kolkata, West Bengal 700040,West Bengal ,Kolkata,
Molly Unisex  (Kolkata ),9766730631,ASHUTOSH APARTMENT, 316, Model Town Rd, Madhya, Baliya, Garia, Kolkata, Rajpur Sonarpur, West Bengal 700084,West Bengal ,Kolkata ,
Cutting Point  (Kolkata ),9766577050,99/1A, lake Terrace, Ballygunge, Kolkata, West Bengal 700029,West Bengal ,Kolkata ,
Manorma Beauty Point  (Kolkata ),9765453212,48/1, Chakraberia Road N, Jadubabur Bazar, Bhowanipore, Kolkata, West Bengal 700020,West Bengal ,Kolkata ,
Noor Makeup Studio  (Andal),9764039492,andul  711302,West Bengal,Andal,
Khushi Beauty Parlour  (Kolkata ),9761705549,8, Ho Chi Minh Sarani, Kankaria Estates, Park Street area, Kolkata, West Bengal 700071,West Bengal ,Kolkata ,
Style Zone (Kolkata ),9760946144,GD-150, GD Block, Sector 3, Bidhannagar, Kolkata, West Bengal 700106,West Bengal ,Kolkata ,
Style Zone  (Kolkata ),9760767625,Major Arterial Road(South-East), CF Block(Newtown), Action Area 1C, Newtown, New Town, West Bengal 700156,West Bengal ,Kolkata ,
Style Speak Salon  (Kolkata),9760763122,Axis mall, CF-9, near Novotel, CF Block(Newtown), Action Area 1C, Newtown, New Town, West Bengal 700156,West Bengal ,Kolkata,
Vk Unisex Salon (Kolkata ),9760644487,Major Arterial Road(South-East), CF Block(Newtown), Action Area 1C, Newtown, New Town, West Bengal 700156,West Bengal ,Kolkata ,
Vk Salon (Kolkata ),9760290182,Major Arterial Road(South-East), CF Block(Newtown), Action Area 1C, Newtown, New Town, West Bengal 700156,West Bengal ,Kolkata ,
Vk Unisex Salon  (Jodhpur),9760188188,Chb kudi,Rajasthan,Jodhpur,
Tress Town (Jodhpur ),9759900032,Chb,Rajsthan ,Jodhpur ,
Tress Town Salon (Jodhpur),9758637549,Paota ,Rajasthan,Jodhpur,
M7 Salon Kotkapura (Jodhpur ),9756335995,Pratap Nagar ,Rajsthan ,Jodhpur ,
Be U (Jodhpur ),9756204098,Ratnada,Rajsthan ,Jodhpur ,
Mirror Makeover  (Jodhpur),9756053677,Paota ,Rajasthan,Jodhpur,
Glamezone Parlour  (Jodhpur ),9754189541,Paota jodhpur ,Rajsthan ,Jodhpur ,
Beauty Point  (Delhi ),9749319643,D-23 Mojpur chowk 
Main road Babar Pur ,Delhi ,Delhi ,
Style Art (Jodhpur),9746792974,Chb2 ,Rajasthan,Jodhpur,
Sanskriti Beauty Salon  (Jodhpur ),9746461044,Pratap Nagar ,Rajsthan ,Jodhpur ,
Jawad Habib Hair And Beauty  (Raipur),9744826263,Korba,Chhattisgarh,Raipur,
Bhawna 'S Salon  (Durg ),9742550074,Tokyo,durg,Chattisgarh ,Durg ,
Zlato Glam & Glow Unisex Salon  (Chandigarh ),9740144143,Sec 31,UT,Chandigarh ,
Naturals  (Jagdalpur),9734712006,,Chattisgarh ,Jagdalpur,
3 Sixty Unisex Salon (Raipur ),9734308277,New rajendranagar ,Chattisgarh ,Raipur ,
Samer Beauty Salon  (Rajkot ),9733443314,College vadi ,Gujrat ,Rajkot ,
Magic Touch (Rajkot ),9730758732,Pedak road,Gujrat ,Rajkot ,
Sai Palace (Chandigarh ),9730374675,Booth no 37 sec 49,UT,Chandigarh ,
Zaved Habib (Nagpur ),9730154214,Shanti nagar ,Maharashtra ,Nagpur ,
Pacific  (East drlhi),9729912024,Laxmi nagar,Delhi,East drlhi,
Pacific Unisex  (Delhi ),9728899723,Paharganj ,Delhi ,Delhi ,
Make By Leena (Ghaziabad ),9727475050,Shakti Khand Indrapuram ,Uttar Pradesh,Ghaziabad ,
Srinagar Beauty Point  (Noida),9727074402,Sec 77, Noida,Uttar Pradesh,Noida,
Radhika Beauty Parlor  (Mumbai),9724242554,Matunga east ,Maharashtra,Mumbai,
Bhavna Beauty Parlor  (Noida),9723458356,S6 Second Floor, Commercial Centre, ATS ONE HAMLET, Sector 104,Uttar Pradesh,Noida,
Rudarkash Unisex  (Mumbai),9720217884,Mahim West ,Maharashtra,Mumbai,
Geeta Beauty Point  (Noida),9718392078,Cetral Market, Sec 41, Noida,Uttar Pradesh,Noida,
G S Geeta Beauty Parlor  (East delhi),9718328277,Mandawali west vinod nagar,Delhi,East delhi,
Kritgya  (Delhi ),9717752098,Dwarka ,Delhi ,Delhi ,
Kritigya Make Over  (Delhi ),9717684595,Nit  faridabad ,Delhi ,Delhi ,
Nitu Beauty Parlor  (East delhi),9717683898,Agcr enclave karkardooma,Delhi,East delhi,
Shine Star Salon  (Eastdelhi),9717682035,Agcr enclave karkardoma,Delhi,Eastdelhi,
Shine Star Salon (Moga) (Delhi ),9717671574,Kamla nagar  gol chakkar ,Delhi ,Delhi ,
Rojan Thapa Salon (New Delhi),9717668275,Safdarjung enclave,Delhi,New Delhi,
Face Talk Salon (East delhi),9717587887,Mansarover park,Delhi,East delhi,
Creative Look Salon (Delhi ),9717505336,Vikas puri ,Delhi ,Delhi ,
Hind Beauty Parlour  (Mohali),9717427002,Scf 25 Phase 11,Punjab ,Mohali,
Zoog Studio (Hisar ),9717411194,Sec 14,Haryana ,Hisar ,
Beauty Zone  (Noida),9717201261,D - 174, Sector61, near prateek fedora apartments, Sector 61,,Uttar Pradesh,Noida,
Rose Marry Salon (Delhi ),9717080786,Janakpuri ,Delhi ,Delhi ,
Matrix Salon Kulwant Sir Talwandi Sabo (Delhi ),9716427806,Janakpuri ,Delhi ,Delhi ,
L Vis Salon, Firozpur (Noida),9716101992,Tot Mall Sec 62, Noida ,Uttar Pradesh,Noida,
Varsha Makeover  (Noida),9714454427,Tot Mall, Sec 62, Noida,Uttar Pradesh,Noida,
Herbal Beauty World  (Noida),9712775161,Shop no.21, G. Floor, ToT Mall, Sector 62,Uttar Pradesh,Noida,
Beauty Bird Salon (Noida),9712348356,F-142, Jagatpuri, Krishna Nagar Delhi ,Uttar Pradesh,Noida,
Unique Beauty Salon (Noida ),9711976666,Shop No 27, 1st Floor, Sab Mall, Sec 27, Noida ,Uttar Pradesh ,Noida ,
Ali Midaas Salon (East delhi),9711970880,Jhilmil,Delhi,East delhi,
Dmh Salon (Bakhtawarpur),9711722173,B 35 lajpat nagar,Delhi,Bakhtawarpur,
Stunning Face Salon  (East delhi),9711547740,Mayur vihar ph 2,Delhi,East delhi,
Beauty Lounge  (Delhi),9711540777,Amar Colony, South Delhi, Delhi,Delhi ,Delhi,
Beauty Lounge Salon (Hisar),9711523155,Sec 14,Haryana,Hisar,
Beauty Palace (Achampet),9711454111,Adampur ,Andhra Pradesh,Achampet,
Do Or Dye Salon (Kapurthala ),9711434507,Kanjli road ,Punjab ,Kapurthala ,
The Art  (Fatehghar churian ),9711191937,Main bazar near bal studio fatehghar churian,Punjab,Fatehghar churian ,
Under The Dryer Salon (Fatehghar churian ),9711107120,Main bazar near kameti ghar ,Punjab ,Fatehghar churian ,
Mircoz Salon  (Firozepur ),9711055292,Near nam dav chock, Firozpur ,Punjab,Firozepur ,
Vogue Salon Zira (Noida),9709978909,67, near sheel hospital, Model Town, Firozpur,,Punjab,Noida,
Vogue Salon (Zira) (Noida),9709918909,67, near sheel hospital, Model Town, Firozpur, Punjab,Punjab,Noida,
Simply Devine Unisex Salon  (Amritsar ),9709917805,D block markit,Punjab ,Amritsar ,
Mannat Beauty Parlor  (Batala),9709917803,Main bazar,Punjab,Batala,
Finesse Beauty And Spa  (Batala),9709917801,Main bazar,Punjab,Batala,
Looks Studio (Ludhiana ),9709300161,Mundiya Ludhiana ,Punjab,Ludhiana ,
Earth Salon (Amritsar ),9706941431,D block markit,Punjab ,Amritsar ,
Pooja Make Over  (Punjab ),9698452412,Opp red tape store,Punjab ,Punjab ,
Swara Cosmetic  (Gurdaspur),9698345234,Opp redtape store,Punjab,Gurdaspur,
Sm Beauty Parlour  (Amritsar ),9697154088,Near dav college ,Punjab ,Amritsar ,
Krasmi Unisex Salon (Ludhiana ),9696948794,Sco 20 rajguru nagar block c,Punjab ,Ludhiana ,
Radhika Makeovers (Nawashehar ),9696390055,RAILWAY ROAD NAWASHEHAR ,Punjab,Nawashehar ,
Shine Curls Salon  (Jalandhar),9696361435,,Punjab,Jalandhar,
Shine Curls Salon (Amritsar ),9695266449,Gopal mandir chonk,Punjab ,Amritsar ,
Glam Glow Beauty Salon  (Mohali),9695170002,Sco 7 sec 68 mohali,Punjab ,Mohali,
Mohini Beauty Parlour  (Jalandhar ),9693581351,Model town jalandhar ,Punjab,Jalandhar ,
Blue Blush Salon  (Kapurthala),9693351673,Lohian ,Punjab,Kapurthala,
Le Posh Salon  (Kapurthala),9690707918,,Punjab,Kapurthala,
Jawed Habib Salon (Batala),9690065749,Quadian chungu,Punjab,Batala,
Art N Makeup  (Batala ),9687483654,Qudiyan chungi ,Punjab ,Batala ,
Neha'S Salon (Krtarpur),9687365472,Kartarpur road ,Punjab ,Krtarpur,
Shringhar Beauty Salon  (Kapurthala),9684322654,Kanjli road kapurthala ,Punjab ,Kapurthala,
Bellissima Professional Salon  (Amritsar ),9683651643,D block markit,Punjab ,Amritsar ,
Infinity Ladies Saloon  (Ludhiana ),9683632561,Gudh mandi,Punjab ,Ludhiana ,
Studio T (Delhi ),9680048317,B block janhagirpuri ,Delhi ,Delhi ,
Sakhi Beauty Salon  (Hissar ),9680048313,Sec 14, house no 693,Haryana ,Hissar ,
Glam And Gold Salon  (Hisar),9680010029,Model town ,Haryana,Hisar,
Like Me Salon (Hansi),9679986414,Hansi ,Haryana,Hansi,
Translate Saloon (Faridabad),9678423220,1st Floor, HUDA Market, Shop No 26, 27 & 28, Sector 21D,Haryana,Faridabad,
Appalo Lbp (Bakhtawarpur),9678237314,K 95 lajpat nagar 2,Delhi,Bakhtawarpur,
Upgrace  (East delhi),9677445162,Chander nagar som bazar near shah ji namkeen krishna nagar,Delhi,East delhi,
Desire Beauty Parlour  (East delhi),9673992444,Chander nagar,Delhi,East delhi,
Dream Look Unisex Salon  (Delhi ),9672544911,West Petal nagar ,Delhi ,Delhi ,
Timeline Unisex Saloon  (Faridabad),9668324752,H.no: 941, Sector 21C,Haryana,Faridabad,
U Shine Bp (Noida),9667825286,RG Residency, 29, Parthala Khanjarpur, Sector 122, Noida, Uttar Pradesh 201307,Uttar Pradesh,Noida,
Allwin Salon  (Delhi ),9667745956,Main road palam vihar ,Delhi ,Delhi ,
Champion Salon  (Noida),9667464221,Vaishali, Sec 4, Ghaziabad ,Uttar Pradesh,Noida,
Kaizen Beauty Parlour  (East delhi),9667291147,60 ft road vishwas nagar,Delhi,East delhi,
Antop Salon  (Noida),9667228555,Shop No.5, 6, RG Square, RG Residency, Sector 120, Noida, Uttar Pradesh 201301,Uttar Pradesh,Noida,
Babli Beauty Parluor  (Delhi),9667147475,Tilak nagar ,Delhi ,Delhi,
Trending Vintage Studio  (Faridabad),9667126766,Sec 21C, Huda Market, Faridabad ,Haryana,Faridabad,
Xclusive Salon (Noida),9667050081,Ganga Shopping Complex, Block - 1,
Sec 29 , Noida 201301,Uttar Pradesh,Noida,
Devom Salon (East delhi),9667050075,Laxmi nagar,Delhi,East delhi,
Devom Unisex Salon  (Delhi ),9667026268,Vikas Puri ,Delhi ,Delhi ,
Alpine Luxury Salon  (Delhi ),9667022241,Vikas puri ,Delhi ,Delhi ,
The Glam Zone Unisex Salon (Delhi ),9667006607,Vikas puri ,Delhi ,Delhi ,
Egora Salon (West Delhi ),9664227677,Vikas puri ,Delhi,West Delhi ,
Eminence Salon (Faridabad),9663212469,Shop number-64,65 Huda Market , Sector-21d,Haryana,Faridabad,
Advaya Unisex Salon  (Delhi),9662075558,Petal Nagar ,Delhi ,Delhi,
Adavaya Luxury Unisex Salon  (Delhi ),9657264721,West Petal nagar ,Delhi ,Delhi ,
Care Beauty Salon  (East delhi),9656867432,Agcr enclave karkardooma,Delhi,East delhi,
Care Beauty Parlour  (East delhi),9654975795,Agcr enclave karkardoma,Delhi,East delhi,
Riya Makeover Studio Shalimar Garden  (Noida ),9654853020,Amarpali Princely Estate Market, Shop No. 48 & 49 Near Amrapali Silicon City gate no. 2& 3, Sector 76, Noida, Uttar Pradesh 201301,Uttar Pradesh ,Noida ,
Cut N Style Make Up Studio (Noida),9654845438,Sec 22, Noida,Uttar Pradesh,Noida,
Chhavi Makeover (Noida ),9654791363,1 CHAURA, Main Rd, Block D, Sector 22, Noida, Uttar Pradesh 201301,Uttar Pradesh ,Noida ,
Divine Salon (East delhi),9654547879,Main moujpur chowk red light near badarpur moujpur metro station,Delhi,East delhi,
Style House  (Noida),9654537143,Shop no. 9, D Block Market Rd, D Block, Pocket D, Sector 20, Noida, Uttar Pradesh 201301,Uttar Pradesh,Noida,
Antop Beauty Salon  (Noida),9654485163,Supertech Mall Sec 61, Noida,Uttar Pradesh,Noida,
Hair Court Salon (Noida),9654343101,Shoprix Mall, Block C, Sector 61, Noida Delhi, Sector 61,,Uttar Pradesh,Noida,
Haircourt Salon (Noida),9654149094,shop no 104 basement, shoprixx mall, Block C, Sector 61, Noida, Uttar Pradesh 201301,Uttar Pradesh ,Noida,
Hair Heaven Unisex Salon  (East delhi),9654053194,Jhilmil vivek vihar,Delhi,East delhi,
Copper Scissors Unisex Salon  (Faridabad ),9654046270,Faridabad ,Haryana ,Faridabad ,
Elegance  (Ghaziabad ),9653931131,Raj Nagar Ghaziabad ,Uttar Pradesh,Ghaziabad ,
Grace  (Hr),9653852345,Faridabad ,Hr,Hr,
World Direction Unisex Saloon (Delhi ),9653075508,Vikas puri ,Delhi ,Delhi ,
Aqulas Beauty Lounge (Delhi ),9652550693,Ramesh Nagar ,Delhi ,Delhi ,
Ajju Hair & Beauty (Noida),9650944929,Hazipur Vill, Sector 104, Noida,Uttar Pradesh,Noida,
Glow Shine Beauty Parlour  (Noida),9650777202,G-60, opposite Mcdonald's, G Block, Pocket G, Sector 18, Noida, Uttar Pradesh 201301,Uttar Pradesh,Noida,
Lux Unisex  (Noida),9650512335,Central Market, Sec 39, Noida,Uttar Pradesh,Noida,
Classic Unisex  (Noida),9650149515,Dardri Road, Barola, Sec 49 ,Uttar Pradesh,Noida,
Kritgya Beauty Parlor  (Noida),9650149175,Shop no. 2, Pillar No. 51, Dadri Main Rd, opposite Kesar Garden, Natthu Colony, Apartment, Sector 49, Noida, Uttar Pradesh 201304,Uttar Pradesh ,Noida,
Aesthetic Unisex  (Noida),9650149174,Sec 22 Noida,Uttar Pradesh,Noida,
Shree Shreem (Noida),9650075911,Sec 22, Noida,Uttar Pradesh,Noida,
Bikkys Parlour  (Noida),9650069801,Sec 22 , Noida,Uttar Pradesh,Noida,
The Bounce (Noida),9649494911,Sec, 22 Noida,Uttar Pradesh,Noida,
Rose Beauty Salon  (Bakhtawarpur),9648676976,14/185 shivalik Road malviya nagar,Delhi,Bakhtawarpur,
Prachi  (Bakhtawarpur),9646993498,Lodhi colony,Delhi,Bakhtawarpur,
Prachi (Delhi ),9646963735,West Petal nagar ,Delhi ,Delhi ,
Women'S Beauty Saloon  (South Delhi ),9646902117,Green park main market, Delhi South, Safdarjung. ,Delhi ,South Delhi ,
Amar Men'S Parlour  (Noida),9646854076,Ansal Plaza, Pari Chowk , Greater Noida ,Uttar Pradesh,Noida,
Apsara Beauty Parlour  (Delhi ),9646807402,Plot no,62 Aom vihar phase -3
Uttam Nagar.,Delhi ,Delhi ,
Beauty Mantra  (New Delhi),9646800356,134 arjun nagar safdarjung ,Delhi,New Delhi,
Hair Zone Salon (Thiruvananthapuram),9646782628,Manacadu ,Kerala,Thiruvananthapuram,
Studio 11 Salon & Spa (Jodhpur),9646776531,Ratnada ,Rajasthan,Jodhpur,
Shine Bond  (Jodhpur ),9646267375,Paota,Rajasthan ,Jodhpur ,
Shine Bond Salon  (Jodhpur),9646102032,Chb2 ,Rajasthan,Jodhpur,
Glamour Salon (Jodhpur),9644020004,Chb2 ,Rajasthan,Jodhpur,
Alka Makeover  (Jodhpur ),9643834673,Paota,Rajasthan ,Jodhpur ,
Hair Raiser Lux Salon (Lucknow ),9643704168,Ashiyana ,Up,Lucknow ,
Jazzup Beauty Parlor  (Hamirpur),9643697626,Vpo lambloo tehsil and district Hamirpur ,Himachal Pradesh,Hamirpur,
Osis Unisex  (Kolkata ),9643627719,28/1C, Chhayaneer Apartment, Flat GB, Gariahat Rd, Kankulia, Dhakuria, Kolkata, West Bengal 700029,West Bengal ,Kolkata ,
Baishak Enterprise  (Kolkata ),9643533662,28/1C, Chhayaneer Apartment, Flat GB, Gariahat Rd, Kankulia, Dhakuria, Kolkata, West Bengal 700029,West Bengal ,Kolkata ,
Athenaa (Kapurthala ),9643521378,Aman nagar ,Punjab ,Kapurthala ,
Kalakaar Salon (Kapurthala),9643383020,Bus stand kapurthala ,Punjab,Kapurthala,
Janta Unisex  (Amritsar),9643047566,Lohghar chonk,Punjab,Amritsar,
Famous Salon (Amritsar ),9639403401,Tab katika near dav college ,Punjab ,Amritsar ,
Priya'S Makeover Studio (Amritsar ),9639330615,Near hindu sabha college ,Punjab ,Amritsar ,
Beauty Looks Unisex Salon  (Amritsar),9638674352,Near hindu sabha college ,Punjab,Amritsar,
Hair Offices Unisex Salon  (Amritsar ),9636002520,Tab katika  near dav college ,Punjab ,Amritsar ,
Hair Office Unisex Salon  (Amritsar ),9635016637,Near hindu sabha college ,Punjab ,Amritsar ,
Ladies N Gentleman Salon (Kot Kapura),9634800521,FARIDKOT road, kotkapura ,Punjab,Kot Kapura,
Ladies N Gentleman Salon  (Kotkapura ),9634512519,Mane bazar, kotkapura ,Punjab,Kotkapura ,
 Salon  (Gurdaspur ),9634098841,Hanuman chonk,Punjab ,Gurdaspur ,
1Mm Salon (Adra),9633947156,Sevoke road,West Bengal,Adra,
1Mm Unisex Salon  (Shiliguri),9629131458,Punjabi para more,West Bengal,Shiliguri,
1 Mm Unisex Salon  (Shiliguri),9628791910,,West Bengal,Shiliguri,
Pooja Shrma (Shiliguri),9628350622,City centre ,West Bengal,Shiliguri,
Gliss Salon  (Jodhpur ),9625933501,Paota jodhpur ,Rajsthan ,Jodhpur ,
Classic Curl (Jodhpur ),9625786926,Kudi,Rajsthan ,Jodhpur ,
Classic Curl Salon  (Lucknow),9625313396,Sadar bazar ,Uttar Pradesh,Lucknow,
Classic Curl Unisex Salon  (Lucknow ),9625300800,Sadar bazar ,Up,Lucknow ,
Prakash Makeup Studio  (Kanpur ),9625244644,Lal bangla KDA,Uttar Pradesh ,Kanpur ,
Studio 7 Signature Sakon (Kanpur ),9624276004,Saket nagar ,Uttar Pradesh ,Kanpur ,
Ech Square Saloon (Gorakhpur ),9624055840,Shiv shakti furniture taramandal gorakhpur ,Uttar Pradesh ,Gorakhpur ,
Anil Unisex Salon  (Bangalore),9622777601,Sarjapur road ,Karnataka,Bangalore,
Ashu Beauty Salon (Jodhpur),9622240229,Paota,Rajasthan,Jodhpur,
Touch Of Allure Salon (Coimbatore ),9621675666,Kuniyamuthur ,Tamilnadu ,Coimbatore ,
Touch Of Allure Makeovers  (Chandigarh ),9621674666,Sec 41 chandigarh ,UT,Chandigarh ,
A Looks Unisex Salon  (Coimbatore ),9620074408,Saravanampatty ,Tamilnadu ,Coimbatore ,
Flying Kenchi Unisex Salon  (Chandigarh),9619608231,Sec 45,Punjab,Chandigarh,
Orchid Beauty Salon (Jodhpur ),9614962330,Sastri circle ,Rajsthan ,Jodhpur ,
Dmd Salon (Jodhpur ),9614901545,Sardarpura ,Rajsthan ,Jodhpur ,
Ret Bp (Abu),9613141230,Sardarpura ,Rajasthan,Abu,
Be Beautiful Makeup Studio  (Jodhpur),9613000045,Sardarpura ,Rajasthan,Jodhpur,
Hi Hair Care Unisex Salon (Jodhpur),9610409100,Sardarpura ,Rajasthan,Jodhpur,
Divine Unisex Salon  (Jodhpur),9610229966,Sardarpura ,Rajasthan,Jodhpur,
Craft Unisex Salon (Jodhpur),9610006991,Madore Jodhpur ,Rajasthan,Jodhpur,
Rituz Beauty Salon  (Jodhpur),9609917809,Air force Jodhpur ,Rajasthan,Jodhpur,
In Style Salon (Jodhpur),9609878609,Shikar garh ,Rajasthan,Jodhpur,
Sunrise Salon (Jodhpur),9609500639,Kudi,Rajasthan,Jodhpur,
Sunrise Salon  (Jodhpur),9606584799,Chb kudi,Rajasthan,Jodhpur,
Yashika Beauty Saloon  (Jodhpur ),9600053920,Pratap Nagar ,Rajsthan ,Jodhpur ,
Hair Channel Unisex Salon  (Jodhpur ),9599777236,Pratap Nagar ,Rajsthan ,Jodhpur ,
Ayesha'S Vanity Salon Haldwani  (Jodhpur),9599641718,Ratnada ,Rajasthan,Jodhpur,
Hairkart Unisex Salon  (Jodhpur),9599629663,Ratnada ,Rajasthan,Jodhpur,
Hairkart Salon  (Moga),9599573301,Back side of Gilden ,Hotel(, near dev hotel, Punjab 142001,Punjab,Moga,
A Studio Unisex Salon  (Moga),9599349925,Near civil hospital, moga,Punjab,Moga,
Rekha Makeover  (Moga),9598726534,Near bus stand, Moga ,Punjab ,Moga,
Lr Luxury Unisex Salon  (Moga ),9598008800,Near Civil hospital, Moga ,Punjab,Moga ,
Pvs Makeover  (Amritsar),9595501313,Green Avenue ,Punjab,Amritsar,
Mamta Unisex (Pathankot),9595075117,Mishar road,Punjab,Pathankot,
Queen'S Salon  (Chandigarh ),9595072177,Sec 44,Ut,Chandigarh ,
Salman Salon Moga (Kharar),9593674833,Kurali ,Kharar,Kharar,
Salman Salon  (Taran tarn),9592947702,Jandala byepass ,Punjab ,Taran tarn,
Master Head Salon (Kapurthala),9592909703,Railway road nawanshahr ,Punjab,Kapurthala,
Master Head Unisex Salon  (Jodhpur ),9592738687,Kudi Chb Jodhpur ,Rajasthan ,Jodhpur ,
Shahi Beauty Studio  (Talwandi sabo),9592568929,Mani bazar, talwandi sabo ,Punjab,Talwandi sabo,
Sun Grace Salon (Ferozepore),9592486786,Anil baghi road, firozepur ,Punjab,Ferozepore,
Cut & Dry (Amritsar ),9592453060,Gopal mandir opp radhey creations,Punjab ,Amritsar ,
Cut & Dry Salon (Panchkula ),9592000351,Scf 101 first floor sec 11 Panchkula ,Haryana ,Panchkula ,
Vasana Salon , Faridkot  (Batala),9591590066,Main bazar,Punjab,Batala,
Pawan Makeover Studio (Kharar),9589390661,New chandigarh ,Kharar,Kharar,
Pawan Makeover  (Chandigarh ),9588267498,Sco 266 first floor sec 35,D chandigarh ,UT ,Chandigarh ,
Absulate Salon  (Amritsar),9587777962,Putlighar chonk ,Punjab,Amritsar,
Absalute Salon (Amritsar),9587325645,Shimla Markit ,Punjab,Amritsar,
Absulate Salon (Amritsar),9587251130,Sultanwind road ,Punjab,Amritsar,
Colour Launge (Amritsar),9586616590,100 ft road,Punjab,Amritsar,
Beauty Castle Salon (Amritsar ),9583967399,Sultanwind road ,Punjab ,Amritsar ,
Beauty Castle  (Amritsar ),9582805469,Sultanwind road ,Punjab ,Amritsar ,
The Haven (Amritsar ),9582639437,Gopal mandir opp tajinder electrical ,Punjab ,Amritsar ,
Ananya Beauty Point (Amritsar ),9582543200,Ratan singh chonk,Punjab ,Amritsar ,
Saundarya M By Isha (Mohali),9582066646,Sco 23 sec 68 mohali,Punjab ,Mohali,
Rani Sa Bp  (Chandigarh ),9582026691,Sco 29,30 sec 22,UT ,Chandigarh ,
Sparch Salon  (Kapurthala),9582025859,Lohian,Punjab ,Kapurthala,
Style Unisex Salon  (Zira),9580339122,Mane bazar, zira ,Punjab,Zira,
J S Salon  (Zira ),9580174106,Near bus stand,Zira ,  Punjab 142043,Punjab,Zira ,
Js Salon  (Zira ),9580005323,Zira , near bus stand ,Punjabi ,Zira ,
Buyaly Makeover  (Noida),9579655556,Shop No - LGF, 34, Mahagun Mywoods Rd, Gaur City 2, Ghaziabad, Uttar Pradesh 201009,Uttar Pradesh,Noida,
Beauty Tube Salon & Academy  (Noida),9579586950,Shop No - LGF, 34, Mahagun Mywoods Rd, Gaur City 2, Greater Noida West ,Uttar Pradesh,Noida,
Beauty Tude Unisex Salon  (Jodhpur ),9576396547,Paota jodhpur ,Rajsthan ,Jodhpur ,
Sparsh Beauty Parlour  (Mumbai),9575076641,Dadar West ,Maharashtra,Mumbai,
Sleek N Shine Beauty Salon  (Jodhpur ),9572672003,Sardarpura ,Rajsthan ,Jodhpur ,
Glamdor Salon (Raipur ),9572578456,Avanti vihar,Chattisgarh ,Raipur ,
D Nex Salon (Nagpur),9570206267,Manewada Road ,Maharashtra,Nagpur,
The Master'S Salon  (Nagpur ),9569512409,KDK college Nandanvan ,Maharashtra ,Nagpur ,
Archana Makeover  (Jodhpur ),9569496444,Paota,Rajasthan ,Jodhpur ,
Makeup By Pakhi  (Nagpur),9569484357,Sugat nagar ,Maharashtra,Nagpur,
Sonia Makeover  (Bakhtawarpur),9569335604,G 43 lajpat nagar 2,Delhi,Bakhtawarpur,
Blond Studio Salon (Muzaffarnagar ),9569314493,New Mandi ,UP,Muzaffarnagar ,
Ever Green Mens Salon (Agra),9568915005,Baipur road sikandra ,Uttar Pradesh,Agra,
Varanasi Hair Makeover & Academy  (Lucknow),9568700712,Krishi bhawan,Uttar Pradesh,Lucknow,
Radiant Training Academy  (Lucknow ),9568143460,Krashi bhawan Hazratganj ,Up,Lucknow ,
Grooming Galery  (Lucknow ),9567352945,Krashi bhawan,Up,Lucknow ,
Grooming Gallary  (Meerut ),9565522651,Western road Meerut cant ,U P,Meerut ,
Pin Pin Luxury Salon (Meerut ),9565170170,Sec-6 New Sadak ,UP,Meerut ,
Pin Pin Luxury Salon  (Rudarpur ),9565060922,Gol market ,Uttrakhand ,Rudarpur ,
Clone A Unisex Salon (Noida),9564022284,Baghi Road, opposite Raghunath Mandir, Firozpur, Punjab ,Punjab,Noida,
Beauty On Wheels  (Chandigarh),9563000829,Sec 42,Punjab,Chandigarh,
The Glam Studio Unisex Salon  (Modinagar ),9561063479,Modinagar ,UP,Modinagar ,
Om Beauty  (Kashipur ),9560946222,,Uttrakhand ,Kashipur ,
Rr Beauty Salon (Meerut),9560838501,Rohta Road ,Uttar Pradesh,Meerut,
The Hive Salon  (Other),9560686713,Harmu ,Andaman and Nicobar Islands,Other,
Inara (Shiliguri),9560670796,Milanpally bylane, Siliguri ,West Bengal,Shiliguri,
Indra Beauty Parlour  (PALAKKAD ),9560477200,Victoria college ,KERALA ,PALAKKAD ,
Indra Beauty Salon  (Palghat),9560350954,100 feet road,Kerala,Palghat,
Blunt Unisex Salon  (Diglipur),9559999191,Sec 37c,Andaman and Nicobar Islands,Diglipur,
Glamazone Salon  (Bangalore),9559816343,JP nagar ,Karnataka,Bangalore,
R K Unisex Saloon (Bangalore),9559642253,Konankunte,Karnataka,Bangalore,
Image (Shiliguri),9559610556,Shivmandir siliguri ,West Bengal,Shiliguri,
Image Unisex Saloon (bagnan),9559357410,bagnan bus stop ,howrah,bagnan,
Minakshi Beauty Parlour  (Bangalore),9559303440,Kattirguppe ,Karnataka,Bangalore,
Mom N Kids (Nagpur),9559200539,Manewada Road ,Maharashtra,Nagpur,
V L Cc Unisex  (Nagpur ),9559053489,Nara road ,Maharashtra ,Nagpur ,
V L C C (Nagpur ),9557959569,Takli Godhni ,Maharashtra ,Nagpur ,
Shanuz Salon (Hisar),9557472247,Sec 14,Haryana,Hisar,
The Infinity  (Hisar),9557296769,Agroha ,Haryana,Hisar,
Futura Bai Sa Beauty Parlour  (Rajkot ),9557257607,Sadhna society bh crystal mall,Gujrat ,Rajkot ,
Mangalam Beauty Parlor  (Rajkot ),9556784052,Parevdi chowk,Gujrat ,Rajkot ,
Glamzo  Beauty Zone  (Rajkot ),9555693813,Sadar bazar,Gujrat ,Rajkot ,
Bronze Salon  (Rajkot ),9555677754,Race course ,Gujrat ,Rajkot ,
Bob N Beared Unisex Salon  (Rampur Milak),9555631025,Milak Rampur ,Uttar Pradesh,Rampur Milak,
Good Looks  Salon  (Lucknow ),9555269057,Husariya,Up,Lucknow ,
Good Looks Unisex Salon  (Noida),9555252297,Behind metro Hospital, Sec 12 Noida PIN- 201301,Uttar Pradesh,Noida,
Good Looks Salon (Noida),9552653972,Shop No. 3, 1st Floor, Block X, Sector 12, Noida, Uttar Pradesh 201301,Uttar Pradesh,Noida,
Glam Gifts Makeover  (East delhi),9551851895,Shshdara,Delhi,East delhi,
The Beauty Hub Salon (Noida),9550309596,Sec 12/22, Near Meteo Hospital, Noida PIN- 201301,Uttar Pradesh,Noida,
Nikhar Beauty Parlour  (Noida),9548867352,i-20, Block I, Sector 12, Noida, Uttar Pradesh 201301,Uttar Pradesh,Noida,
Reet Makeover  (Noida ),9548497771,i-20, Block I, Sector 12, Noida, Uttar Pradesh 201301,Uttar Pradesh ,Noida ,
Jolen Salon (Noida),9548344798,Gate No 3, Sadbhavna Market, C1, 2nd & 3rd Floor, opp. Cleo County, Garhi Chaukhandi, Sector 121, Noida, Uttar Pradesh 201304,Uttar Pradesh,Noida,
Wizard Unisex Salon  (Noida ),9548231183,Gate No 3, Sadbhavna Market, C1, 2nd & 3rd Floor, opp. Cleo County, Garhi Chaukhandi, Sector 121, Noida, Uttar Pradesh 201304,Uttar Pradesh ,Noida ,
Appearance  (East delhi),9540959501,Mayur vihar aacharay niketan,Delhi,East delhi,
99 Salon  (New Delhi),9540824451,Amar colony,Delhi,New Delhi,
Dolly Makeover  (Chandigarh),9540681381,Sec 45,Punjab,Chandigarh,
Komal Bp (Noida),9540471783,Purvanchal Society Shopping Complex, Sec 137 Noida ,Uttar Pradesh,Noida,
Modern Bs (Noida ),9540365832,Shop no, UGF 15, Supertech Ecociti, opp. Bhutani Alphathum, Sector 137, Noida, Uttar Pradesh 201301,Uttar Pradesh ,Noida ,
Bms Makup Studio  (Noida),9540327343,Omaxe Trade Centre, Alpha 2, Greater Noida ,Uttar Pradesh,Noida,
Hair Masters Salon (Baga Purana) (Noida),9539291437,Logix Blossom, C 17 & S 25, near Bittu Tikki Wala, Sector 143, Noida, Uttar Pradesh 201304,Uttar Pradesh ,Noida,
Smile Salon (Noida),9539121200,Logix Blossom, C 17 & S 25, near Bittu Tikki Wala, Sector 143, Noida, Uttar Pradesh 201304,Uttar Pradesh ,Noida,
Beauty Art  (Delhi),9536900529,Vikaspuri ,Delhi ,Delhi,
Suman Beauty Parlour  (West Delhi ),9536420754,Vikas puri,Delhi ,West Delhi ,
Headlines Salon (Ghaziabad ),9536300798,Shalimar Garden Ghaziabad ,Uttar Pradesh,Ghaziabad ,
Saundaram Beauty Parlor 9 (Noida),9532996389,Jalvayu Vihar Market, Sec 25 Noida,Uttar Pradesh,Noida,
Elite Beauty Salon  (Noida),9532682550,Shop No 20, 21, Jal Vayu Vihar, J Block, Sector 25, Jal Vayu Vihar, Noida, Uttar Pradesh 201301,Uttar Pradesh,Noida,
Crylon Salon  (Bakhtawarpur),9530511225,Masjid moth south extn 2,Delhi,Bakhtawarpur,
Makeover Family Salon  (East delhi),9528928221,Durgapuri main chowk,Delhi,East delhi,
G&G Unisex Salon  (Rajkot ),9528666820,Ghanshyam society.balaji complex Bh crystal mall,Gujrat ,Rajkot ,
G & G Unisex Salon  (Rajkot ),9528420656,Speed well,Gujrat,Rajkot ,
Lady 18 Salon (Rajkot ),9528058723,Race course ,Gujrat ,Rajkot ,
Zaira Unisex Salon (Noida),9527379790,Shoprix Mall, Block C, Sector 61, Noida, Uttar Pradesh 201301,Uttar Pradesh,Noida,
Kings Saloon  (Noida),9526012555,LG-22, Shoprix Mall, Block C, Sector 61,,Uttar Pradesh,Noida,
Beauty Cafe Makeover  (Noida),9525567026,Ground Floor, Tower B, GALAXY BUSINESS PARK, A-44, 45, Embassy, Shop No 6A-6B, Sector 62, Noida, Uttar Pradesh 201309,Uttar Pradesh,Noida,
Parul Kholi Beauty Salon  (Noida),9523464300,Ground Floor, Tower B, GALAXY BUSINESS PARK, A-44, 45, Embassy, Shop No 6A-6B, Sector 62,Uttar Pradesh,Noida,
Parul Kholi Makeover  (Noida),9521467197,UG- 20, Amrapali Zodiac, Sector 120, Noida, Uttar Pradesh 201301,Uttar Pradesh,Noida,
Bob N Beard Unisex Salon  (Noida),9520678275,LOTUS BOULEVARD, Lotus Boulevard, Sector 100, Noida, Uttar Pradesh 201301,Uttar Pradesh ,Noida,
Bob N Beared Unsex Salon  (Bakhtawarpur),9520366422,Lajpat nagar,Delhi,Bakhtawarpur,
Blush By Gloss The Luxury Saloon  (East delhi),9520278076,Mayur vihar aacharya niketan,Delhi,East delhi,
Mystic Aura Salon (Delhi ),9519612132,Janakpuri ,Delhi ,Delhi ,
Mansoon Pro Salon (Bakhtawarpur),9519312300,D 105 Amar colony,Delhi,Bakhtawarpur,
Dimond Unisex Salon  (East delhi),9519144487,Krishna nagar,Delhi,East delhi,
Do My Hair Salon  (Bakhtawarpur),9511543366,Amar colony,Delhi,Bakhtawarpur,
Hair Loom (Achhnera),9511330208,Mawana ,Uttar Pradesh,Achhnera,
New Beauty Heaven  (Jodhpur),9511015268,Ratnada,Rajasthan,Jodhpur,
Sparks Salon (Jodhpur),9509885626,Ratnada,Rajasthan,Jodhpur,
Vanshika Makeover (Jodhpur ),9509089789,Paota,Rajasthan ,Jodhpur ,
Awesome Beauty Parlour Kotkapura (Jodhpur),9508575222,Chb2 ,Rajasthan,Jodhpur,
Jannat  (Jodhpur ),9507983189,Sastri circle ,Rajsthan ,Jodhpur ,
Kashish Beauty Parlour  (Other),9506016039,Latma road,Andaman and Nicobar Islands,Other,
Nidhi Salon  (Silchar),9506016038,Ambikapatty ,Assam,Silchar,
Million Hair Salon Bathinda (Jodhpur ),9505540000,Paota,Rajsthan ,Jodhpur ,
Unique Salon  (Chandigarh ),9503840360,Both no 65 sec 47,UT,Chandigarh ,
Madonna Makeover  (Jammu),9502066646,City,Jammu and Kashma«r,Jammu,
Shahnaz And Faheem Salon (Jammu),9501606750,Sarwal ,Jammu and Kashma«r,Jammu,
Shabnam Salon (JAMMU),9501606604,Sarwal, hospital road ,jammu,Jammu and Kashmir,JAMMU,
Mansoon Pro  (Kanpur ),9501587854,Panki ,Uttar Pradesh,Kanpur ,
Divya Singh Studio  (Varanasi ),9501577723,Near Hanuman Mandir Sudamapur Varanasi ,Uttar Pradesh,Varanasi ,
H Jawab Habib Arsh Makeup Studio  (Lucknow ),9501501119,Sikander nagar ,Up,Lucknow ,
Thakur’S Hair & Care (Lucknow ),9501340797,PGI Rbl road ,Up,Lucknow ,
Elan Saloon (Kanpur ),9501313336,Yashoda nagar ,Uttar Pradesh ,Kanpur ,
Sunrise Unisex Salon  (Chandigarh ),9501272000,Sco 272 first floor sec 35D ,UT,Chandigarh ,
Styloria Makeover Studio (Bhubaneswar ),9501111433,Hanspal bbsr,Odisha ,Bhubaneswar ,
Habib Salon (Meerut ),9496398572,Rg college ,UP,Meerut ,
Elysian Luxury Salon  (Meerut ),9490183000,Rg college ,UP,Meerut ,
The Hair Perfect London Luxury Salon Raj Nagar  (Meerut ),9478809160,Bagpat road ,Up,Meerut ,
Adaa Makeup Salon And Academy (Chandigarh ),9470931393,Sco 10 sec 22,UT ,Chandigarh ,
Ada Makeup  (Mohali ),9467074739,Scf 48 first floor phase 11,Punjab ,Mohali ,
Makeup Art Company  (Dhakoli),9464838276,Rehmat enclave dhakoli,Punjab,Dhakoli,
Makeup Art Company Unisex Salon  (Chandigarh ),9464520041,Sec 41 chandigarh ,UT ,Chandigarh ,
Sandy Unisex Salon  (Zirakpur ),9464258324,Derrabassi ,Punjab ,Zirakpur ,
Sandy (Jodhpur),9464067332,Madore Jodhpur ,Rajasthan,Jodhpur,
Stylez Salon (Jodhpur),9463525425,Banar Jodhpur ,Rajasthan,Jodhpur,
The Luxur Unisex Saloon  (Abu),9463449657,Sardarpura ,Rajasthan,Abu,
Good Morning Beauty Saloon & Academy  (Maldah),9463025049,Malda Santosh pur,West Bengal,Maldah,
Luna Unisex Salon  (Guwahati),9461648779,Narrangi,Assam,Guwahati,
Sanjana Beauty Salon  (Chandigarh ),9460460439,Sec 41,UT ,Chandigarh ,
Sanjana Salon (Zerakpur),9457390207,Zirakpur ,Punjab,Zerakpur,
Sanjana Salon  (Nagpur),9456013789,Wardhaman nagar,Maharashtra,Nagpur,
Sanjana Beauty Parlour  (Jodhpur ),9455500966,Pratap Nagar ,Rajsthan ,Jodhpur ,
Rassa By Puja Chawla (Chandigarh ),9455369197,Sco 190 sec 7 c Chandigarh ,UT,Chandigarh ,
S2 Makeup Studio @ Salon  (Chandigarh),9452277088,Sec 41,Punjab,Chandigarh,
Glam Look Saloon  (Noida ),9452271088,Shop 145, 146, Cleo St, Sector 121, Noida, Basi Bahuddin Nagar, Uttar Pradesh 201301,Uttar Pradesh ,Noida ,
Dazzling Divas  (East delhi),9450461132,Bhola nath nagar near east aazad nagar metro station shalimar garden,Delhi,East delhi,
Radiance Beauty Parlour  (East delhi),9450223136,Shdhdara,Delhi,East delhi,
Golden Comb Salon  (West Delhi ),9447413317,Uttam Nagar ,Delhi ,West Delhi ,
Dolly Makeup Studio  (Noida),9438505544,Amrapali Zodiac Market, Noida, Uttar Pradesh 201301,Uttar Pradesh,Noida,
Glamour Saloon  (Noida),9437882215,Shop No UG 22 & UG23, Amrapali Zodiac Market, Noida, Uttar Pradesh 201301,Uttar Pradesh,Noida,
Palak Magic Studio  (Delhi),9437283338,Hari nagar ,West Delhi ,Delhi,
Faces Salon (Delhi ),9435780051,Hari Nagar ,Delhi ,Delhi ,
Mishty Makeover  (West Delhi ),9433249248,Hari nagar ,Delhi,West Delhi ,
Ranjna'S Makeup Studio  (West Delhi ),9431256980,Hari nagar ,Delhi ,West Delhi ,
Saniya Malik Brides (Noida),9431256979,Hazipur Sec 104, Noida,Uttar Pradesh ,Noida,
Bhaavya Kapur Makeup Studio  (Noida ),9430410158,Shop No LH2, First Floor, JB complex, Hazipur, Sector 104, Noida, Uttar Pradesh 201304,Uttar Pradesh ,Noida ,
The Affinity Unisex Salon  (Noida ),9430410150,JB Complex, Hazipur, Sector 104, Noida, Uttar Pradesh 201304,Uttar Pradesh ,Noida ,
About U Salon  (Gautam Budh Nagar ),9425585527,Shop No- 31, First Floor, Commercial Tower, Cherry County, GH-05B, Techzone 4, Amrapali Dream Valley, Greater Noida, Uttar Pradesh 201306,Uttar Pradesh ,Gautam Budh Nagar ,
Shilpi Beauty Parlour  (Noida),9424547455,Shop No. 31, First Floor, Cherry County, 
Techzone 4, Greater Noida West 201307,Uttar Pradesh,Noida,
Daimond Art Studio (Noida ),9422115208,Shop No- 31, First Floor, Commercial Tower, Cherry County, Techzone 4, Amrapali Dream Valley, Greater Noida, Uttar Pradesh 201306,Uttar Pradesh ,Noida ,
Lalit Makeup Studio  (Noida),9419984902,Shop no.14, Ground Floor, Sector 16B Rd, Greater Noida West ,Uttar Pradesh,Noida,
Geeta Panday Makeover  (Abhepur),9419197528,Shop no 109,lst floor zara awas complex gurgaon 122001,Haryana,Abhepur,
Mirakee Salon (Noida),9418959580,J-13, 1st Floor, J Block, Pocket G, Sector 18, Noida, Uttar Pradesh 201301,Uttar Pradesh,Noida,
Meraki Salon (Delhi),9418347363,Dwarka,Delhi ,Delhi,
Unique Unisex Salon  (Delhi ),9418329786,Dashrath Puri 
Mahaveer enclave ,Delhi ,Delhi ,
Vicky Unisex Salon  (Delhi ),9418200911,Dashrath puri,Delhi ,Delhi ,
Mahi Makeover (Delhi ),9417777712,Mahavir enclave ,Delhi ,Delhi ,
Phoenix (Jodhpur ),9417482848,Sardarpura c road,Rajsthan ,Jodhpur ,
Harris Loera (Bangalore),9417291882,Kanankpura road ,Karnataka,Bangalore,
Nadeem Hussain Salon (Rajkot ),9417111345,Opp stya sai hospital ,Gujrat ,Rajkot ,
Glamour Salon Dc (Nagpur ),9415981511,Arya Nagar ,Maharashtra ,Nagpur ,
Loreal Beauty Zone Salon  (Nagpur ),9415966722,Koradi Naka ,Maharashtra ,Nagpur ,
Tanisha Parlour  (Chandigarh ),9415911746,Sco 55 sec 46c,UT,Chandigarh ,
Split Ends Saloon (Greater Noida ),9415381345,G193, Gamma 2, Greater Noida ,Uttar Pradesh,Greater Noida ,
The Hair Master  (Greater Noida ),9415338241,G-193, Block G, Gamma II, Greater Noida, Uttar Pradesh 201310,Uttar Pradesh ,Greater Noida ,
Sajni Beauty Salon  (Noida),9415245876,Shop No. 543, Gali Number 2, Mamura, Sector 66, Noida, Uttar Pradesh 201307,Uttar Pradesh,Noida,
Crazy Cut Makeup Studio  (Noida),9415209702,Sec 27, Noida,Uttar Pradesh,Noida,
Pure Bliss Lady Salon  (Noida),9415026260,Jaipuria Plaza, Sec 26, Noida,Uttar Pradesh,Noida,
Janhvi Beauty Parlour  (Noida),9414672302,Jaipuria Plaza, D-Block, Sector 26, Noida, Uttar Pradesh 201301,Uttar Pradesh,Noida,
Alkemie Family Salon  (New Delhi),9414672100,D 2 South extn 1 new delhi,Delhi,New Delhi,
The Beauty Zone (Bakhtawarpur),9414212809,Kirkintilloch extn,Delhi,Bakhtawarpur,
Pooja Makeover (Bakhtawarpur),9414143652,Krishna nagar safdarjung,Delhi,Bakhtawarpur,
Make Over Leena  (Kanpur ),9414122809,Civil lines behind income tax office,Uttar Pradesh ,Kanpur ,
Lookks  The Style Garrage (Bakhtawarpur),9413782803,6/35 old double story lajpat nagar,Delhi,Bakhtawarpur,
Vandini Wedding  Studio  (Delhi),9412529139,West Petal nagar ,Delhi,Delhi,
Nikhar Unisex Salon  (East delhi),9412241516,Jhilmil,Delhi,East delhi,
Look Saloon  (Delhi ),9411034407,Dwarka ,Delhi ,Delhi ,
Crystal Unisex Salon  (Amritsar),9411007176,A block Markit ,Punjab,Amritsar,
Venus Beauti Salon (Amritsar ),9406621214,A block,Punjab ,Amritsar ,
Asif Unisex Salon  (Amritsar ),9406441402,Pawan nagar gali no 8,Punjab ,Amritsar ,
Nisha Infinity  (Amritsar ),9401656123,Pawan nagar,Punjab ,Amritsar ,
Mukta Make Over  (Varanasi ),9401281324,Maduadhi ,Uttar Pradesh ,Varanasi ,
Dulhan Beauty Point  (Noida),9399718535,Supertech Mall, Sec 61, Noida ,Uttar Pradesh,Noida,
Mukta Make Over (Noida),9399272725,Shoprix Mall, Sec 61 ,Noida,Uttar Pradesh ,Noida,
Magic Scissors Unisex Salon  (Haldwani ),9394066077,Jagdamba nagar ,Uttrakhand ,Haldwani ,
Mona Lisa Beauty Parlour  (Noida),9389897642,Shop No GF 17, Cherry County St, Techzone 4, Amrapali Dream Valley, Greater Noida West ,Uttar Pradesh,Noida,
Miss Soni Beauty Point  (Noida ),9389112212,Shop No GF, Hairkart salon, 17, Cherry County St, Techzone 4, Amrapali Dream Valley, Greater Noida, Uttar Pradesh 201009,Uttar Pradesh ,Noida ,
Smart Looks (Noida),9389087699,Shop No. BF 11, Paramount Florence Plaza, Sector 137, Noida, Uttar Pradesh 201305,Uttar Pradesh,Noida,
Classy Lady Beauty Salon  (Noida ),9387661978,Shop No. BF 11, Paramount Florence Plaza, Sector 137, Noida, Uttar Pradesh 201305,Uttar Pradesh ,Noida ,
Nikhar Beauty Saloon  (Delhi),9387353221,West Petal nagar ,Delhi ,Delhi,
Vlcc Salon (Delhi ),9386858670,West Petal nagar ,Delhi ,Delhi ,
Beauty Cofe  (Delhi ),9377511627,Patel nagar ,Delhi ,Delhi ,
Radhika Unisex Saloon  (Delhi ),9376700013,Dwarka ,Delhi ,Delhi ,
Odel Unisex Salon  (Noida),9374882260,Sec 76, Noida,Uttar Pradesh,Noida,
Boyz Zone (Jodhpur ),9373178312,Paota ,Rajasthan ,Jodhpur ,
Dazzle Salon (Kanpur),9372967798,Krishna Nagar ,Uttar Pradesh,Kanpur,
The Beauty Crown  (Moga),9371569128,Partap road , Moga ,Punja,Moga,
Crown Studio (Moga),9370588423,Partap road, Moga ,Punjab,Moga,
Blond Studio Salon  (Moga),9370548949,Near bus stand, Moga ,Punjab,Moga,
Paridhi Beauty Zone Salon Jalalabad (Moga),9370470654,Partap road , Moga ,Punjab,Moga,
Priya Beauty Parlour (Moga),9370314729,Main bazar, moga,Punjab,Moga,
 Priya Beauty Parlour, Firozpur  (Moga ),9369601213,first floor, Park avenue, Pratap Rd, opposite Street Number 1, near Jindal medical store, New Town, Moga, ,Punjab,Moga ,
Priya Salon Firozepur  (Moga ),9369502644,Partap road, Moga ,Punjab ,Moga ,
Priya Hair & Beauty Salon Fzr (Amritsar),9369436366,Majitha road,Punjab,Amritsar,
Priya Beauty Parlour  (Amritsar ),9369121405,Gopal mandir road majitha road,Punjab ,Amritsar ,
Ambiance Salon Faridkot (Ludhiana ),9368498719,2697/1 first floor preet book shop kidwai nagar Ludhiana 141008,Punjab ,Ludhiana ,
Elora Beauty Parlour  (Other),9368483900,Main bazar,Punjab,Other,
Mulberry Salon (Rayya),9368402082,Main bazar,Punjab ,Rayya,
Cuts &Shine (Batala),9368355343,Near hasli pul,Punjab,Batala,
Geetanjali Salon (Batala ),9363283460,Jalandhar road near hasli pull ,Punjab ,Batala ,
Glam Up Makeover  (FARIDKOT ),9359370759,Near  Mary's Convent School, Faridkot ,Punjab ,FARIDKOT ,
Glow & Grace Beauty Salon  (Dhianpur ),9359338131,Opp bus stand dhianpur ,Punjab ,Dhianpur ,
Glow & Grace  (Dhianpur ),9357252345,Opp bus stand,Punjab ,Dhianpur ,
Glow And Grace Makeover  (Amritsar),9356351023,100 ft road,Punjab,Amritsar,
Impression Beauty Zone (Amritsar),9355421875,100 ft road,Punjab,Amritsar,
Impression Zone  (Amritsar ),9354952194,100 ft road,Punjab ,Amritsar ,
Impression Beauty Zone  (Amritsar ),9354805648,100 ft road,Punjab ,Amritsar ,
Impression Zone (Phagwara ),9354771107,Phagwara ,Punjab,Phagwara ,
Nancy Bp (Gurdaspur),9354663485,Near railway station ,Punjab,Gurdaspur,
Mehak Salon (Gurdaspur ),9354643964,Opp ashok gen.store,Punjab ,Gurdaspur ,
Brite Salon  (Raipur ),9354558942,Pandri,Chattisgarh ,Raipur ,
Brite Salon (Noida),9354510946,Khora Main Market, Khora Colony , Noida, Uttar Pradesh 201301,Uttar Pradesh,Noida,
Apsara Bp (Lucknow ),9354435214,Vrandavan telibagh ,Up,Lucknow ,
Shehnaz Beauty Parlour  (Jodhpur),9354416105,Ratnada ,Rajasthan,Jodhpur,
Gauri Shankar  (West Delhi ),9354078728,Hari nagar gandi market ,Delhi,West Delhi ,
Rani Beauty Parlour  (Noida),9354077561,Shop no 108&109, GULSHAN VIVANTE, street, Sector 137,Uttar Pradesh,Noida,
Aishwarya Saloon  (Noida ),9354015154,GULSHAN VIVANTE, street, Sector 137, Noida, Uttar Pradesh 201305,Uttar Pradesh ,Noida ,
Charu Patel Makeover  (Delhi ),9351484940,C-7 145
Yamuna vihar ,Delhi ,Delhi ,
Signature Salon  (Delhi ),9351122252,C1-yamuna vihar 
Delhi -53,Delhi ,Delhi ,
Apoorawa Salon  (Delhi ),9350995615,Paschim vihar ,Delhi ,Delhi ,
Apoorawa Beauty Parlour  (Ghaziabad ),9350837587,Ground Floor Main Road Avantika Ghaziabad ,Uttar Pradesh,Ghaziabad ,
Apoorawa Beauty Salon  (Ghaziabad ),9344550603,Avantika Sastri Nagar Ghaziabad ,Uttar Pradesh,Ghaziabad ,
Yashika Beauty Salon (Meerut ),9340620525,Bagpat road ,UP ,Meerut ,
Bonita Family Salon (Meerut ),9337575326,Shastri Nagar ,UP,Meerut ,
Studio 11.11 (Panchkula ),9336924458,Scf 45 first floor sec 4 Panchkula ,Haryana ,Panchkula ,
Pakhi The Salon  (Jodhpur),9336714510,Banar Jodhpur ,Rajasthan,Jodhpur,
Devine Unisex Salon  (Chandigarh),9336245785,Sec 44,Punjab,Chandigarh,
Anuz Unisex  (Haldwani ),9336194505,,Uttrakhand ,Haldwani ,
Shreya Lbp (Haldwani ),9336162318,,Uttrakhand ,Haldwani ,
Tapasaya  (Meerut),9335902547,Saraswati lok,Uttar Pradesh,Meerut,
Muskan Beauty Parlor  (Meerut ),9335451142,Saraswati lok ,UP,Meerut ,
Bhavna (Chandigarh ),9335434785,Sco 236 sec 38,UT ,Chandigarh ,
Celina Beauty Parlour  (Coimbatore ),9335158405,Peelamedu,Tamilnadu ,Coimbatore ,
World Of Glam (Varanasi ),9335154913,Chanmari,Uttar Pradesh ,Varanasi ,
Luxe Unisex Salon N Makeup Studio (Achhnera),9334770046,Sigra,Uttar Pradesh,Achhnera,
Valentine Beauty Parlour  (Delhi ),9334560123,Dwarka ,Delhi ,Delhi ,
Evol Studio (Delhi ),9334459360,Dwarka mod ,Delhi ,Delhi ,
Images (Noida),9334235213,Ugf-03, Mahagun Mart, MAHAGUN MODERNE, Sector 78, Noida, Uttar Pradesh 201304,Uttar Pradesh,Noida,
Sohani Beauty Parlour  (Noida),9334000175,Sec 78, Noida,Uttar Pradesh,Noida,
Krisha Beauty Parlour  (Greater Noida ),9332123406,Shop no 17/18 First Floor, GTB Market, Jagat Farm, Block E, Chandila, Gamma 1, Greater Noida, Uttar Pradesh 201310,Uttar Pradesh ,Greater Noida ,
Abid Salon (Noida),9330914949,First floor, shop, Paras One33, no. 7, sector 133, Noida, Shahpur Govardhanpur Bangar, Uttar Pradesh 201304,Uttar Pradesh ,Noida,
Hair Affair Salon (Noida),9330374868,Logix Blossom Greens, Victory Cross Road, Society, Sector 143, Noida, Uttar Pradesh 201305,Uttar Pradesh ,Noida,
Mehak Beauty Salon Bathinda (Rajkot ),9329992564,Sadar bazar,Gujrat ,Rajkot ,
Silky Cut Salon  (Rajkot),9327753026,Ambika town ship,Gujrat ,Rajkot,
Alisha Glam Would  (Nawashehar ),9326859685,Nawanshahr ,Punjab,Nawashehar ,
Alisha Glam Would (Noida),9321453467,,Uttar Pradesh,Noida,
Ravi &Jyoti Salon (Kanpur ),9319487726,Shayam Nagar ,Uttar Pradesh ,Kanpur ,
Mayuri Beauty Parlour  (Kanpur),9319439959,Shayam Nagar ,Uttar Pradesh,Kanpur,
Mayuri Beauty Saloon  (Kanpur ),9319333568,Shayam Nagar ,Uttar Pradesh,Kanpur ,
Elegance Makeover  (Bangalore),9319015316,Bda complex Bhanashankari ,Karnataka,Bangalore,
Guys And Doll Unisex Salon  (Mumbai),9319013877,Marine line ,Maharashtra,Mumbai,
Anjali Beauty Saloon  (Maldah),9318306291,Malda,West Bengal,Maldah,
Shipra Johari Studio  (Shiliguri),9315764032,City mall,West Bengal,Shiliguri,
Preza Unisex Salon  (Shiliguri),9315722601,City mall,West Bengal,Shiliguri,
Prema Unisex Salon  (Abdullahnagar),9315449944,Arunachal, silchar ,Bihar,Abdullahnagar,
Preza Make-Up Studio  (Abhayapuri),9315368786,Arunachal, silchar ,Assam,Abhayapuri,
Ellar Makeup Studio  (Ludhiana ),9314999300,Sco 16 c block market rajguru nagar Ludhiana ,Punjab ,Ludhiana ,
Balaji Beauty Point (Jodhpur),9314763370,Sardarpura ,Rajasthan,Jodhpur,
Smart Look (Jodhpur ),9314252724,Shastri circle ,Rajsthan ,Jodhpur ,
The Salon (Jodhpur),9313944845,Banar Jodhpur ,Rajasthan,Jodhpur,
Kritgya Makeup  (Jodhpur ),9313554450,Ratnada,Rajsthan ,Jodhpur ,
Styling Station (Jodhpur ),9312996788,Paota,Rajasthan ,Jodhpur ,
Santosh Smart Look  (Jodhpur),9312616131,Airforce ,Rajasthan,Jodhpur,
Super Star  (Darjeeling),9312578645,College para,West Bengal,Darjeeling,
Sugandha Salon  (Bangalore),9312578610,Kattirguppe ,Karnataka,Bangalore,
S V Makeup Studio  (Noida),9312576586,SUPERTECH ECO VILLAGE-1, 21 Upper Ground Floor, Supertech Mart, Greater Noida, Uttar Pradesh 201306,Uttar Pradesh,Noida,
S.V Makeover  (Delhi ),9312575646,Dg2 vikaspuri ,Delhi ,Delhi ,
Glow Beauty Salon  (West Delhi ),9312181268,Vikas puri ,Delhi,West Delhi ,
Unique Salon (West Delhi ),9311884501,Vikas puri,Delhi ,West Delhi ,
Sparkle Salon (Delhi ),9311477888,Ramesh Nagar ,Delhi ,Delhi ,
Samriddhi Parlour  (Noida),9311147395,Shop No - 3, Chauhan Market, Rasoolpur, Sector 62 Rd, Rasoolpur Nawada, Industrial Area, Sector 62, Noida, Uttar Pradesh 201309,Uttar Pradesh,Noida,
Seema Parlour  (Ballabhgarh ),9310877789,Sec 3,Haryana ,Ballabhgarh ,
Mahi Men'S Parlour  (Delhi ),9310802403,Ramesh Nagar ,Delhi ,Delhi ,
Kavitas Mackover  (Chandigarh ),9310777651,Sec 40c chandigarh ,UT ,Chandigarh ,
First Look  (Lucknow ),9310373788,Jai prakash nagar ,Up,Lucknow ,
A V Makeover  (Nagpur),9310372972,Nandanwan road ,Maharashtra,Nagpur,
Glam Up Saloon  (Nagpur ),9310070552,Telephone exchange ,Maharashtra ,Nagpur ,
Parisiddhi Makeover (Nagpur),9310029776,Wadi,Maharashtra,Nagpur,
Heaven Unisex (Nagpur),9310029773,Dattawadi ,Maharashtra,Nagpur,
Yantra Unisex  (Adra),9309547731,Hill cart road,West Bengal,Adra,
Kalki Unisex  (Shiliguri),9309191766,Sevoke road,West Bengal,Shiliguri,
Sv Enterprises  (Siligur ),9308766193,Sevoke more,West Bengal ,Siligur ,
Ruby Salon (Kapurthala),9307393260,Bustand road kapurthala ,Punjab ,Kapurthala,
Sir Snap N Muktsar (Khara),9306045955,New chandigarh ,Kharar,Khara,
Fashion Street  (Kharar),9305395488,Kurali,Kharar ,Kharar,
Vandana Beauty Parlour  (Kharar),9305289201,Kurali,Kharar,Kharar,
Dhanshree Makeover  (Kapurthala),9304923508,Jalandhar by pass,Punjab ,Kapurthala,
Neelam Make Over  (Baga purana ),9304778422, opp. Gurudwara Charan Kamal, Bagha Purana, Punjab 142038,Punjab,Baga purana ,
Sukra Ladies Salon  (Baga purana ),9304692041,Moga road, Baga purana ,Punjab,Baga purana ,
Amoli Beauty Parlour  (Bagha Purana),9304529182,Mane bazar ,Punjab,Bagha Purana,
Sanju Barbar (Kharar),9303571566,New chandigarh ,Kharar,Kharar,
Saroj Make Over  (Itanagar),9302870971,Kaggalipura ,Arunachal Pradesh,Itanagar,
Rajani Makeup Studio  (Ambikapur),9302541910,Jagdalpur,Chhattisgarh,Ambikapur,
Health Zone  (Mohali),9302421157,Phase 10 Mohali,Punjab ,Mohali,
Fabulous Saloon  (Jodhpur ),9300911331,Ratnada,Rajasthan ,Jodhpur ,
Iconic Beauty Salon  (Panchkula ),9300850013,House no 1270 sec 8 Panchkula ,Haryana ,Panchkula ,
Alice Salon  (Zerakpur),9289217595,Zirakpur ,Punjab,Zerakpur,
Ruby Beauty Clinic  (Rajkot ),9286133340,Bh crystal mall ,Gujrat ,Rajkot ,
Hair Lab Studio  (Bhubaneswar ),9284588049,Prachi vihar Bda,Odisha ,Bhubaneswar ,
Compass Unisex Salon (Bhubaneswar ),9284580252,Chandrasekhar pur ,Odisha ,Bhubaneswar ,
Welcome Salon  (Noida),9266922252, B block market, Sec 20 Noida,Uttar Pradesh,Noida,
Beauty Care Ladies Parlour  (Zirakpur ),9266817451,Oxford Street Zirakpur ,Punjab ,Zirakpur ,
Style Salon  (Varanasi ),9266711535,D.L.W. Chitaipur Road ,Uttar Pradesh,Varanasi ,
Glamup By Vinni  (Delhi ),9266483703,Ramesh Nagar ,Delhi ,Delhi ,
Glamup By Vinni (Delhi),9264918357,Moti nagar ,Delhi,Delhi,
M3P Unisex Salon  (Delhi),9259202050,Moti nagar ,Delhi ,Delhi,
The Glem Zone Unisex Salon (Delhi ),9258960465,Moti nagar ,Delhi ,Delhi ,
The Glem Fector Unisex Salon (Gautam Budh Nagar ),9258493077,SUPERTECH ECO VILLAGE-1, 21 Upper Ground Floor, Supertech Mart, Bisrakh Jalalpur, Greater Noida, Uttar Pradesh 201306,Uttar Pradesh ,Gautam Budh Nagar ,
Women'S Beauty Parlour  (Noida),9256799199,SUPERTECH ECO VILLAGE-1, 21 Upper Ground Floor, Supertech Mart, Bisrakh Jalalpur, Greater Noida West ,Uttar Pradesh,Noida,
Adonize Unisex Salon  (Noida),9250857458,SUPERTECH ECO VILLAGE-1, 21 Upper Ground Floor, Supertech Mart, Bisrakh Jalalpur, Greater Noida, Uttar Pradesh 201306,Uttar Pradesh ,Noida,
Adonaze Unisex Salon (Varanasi ),9250324322,Vasliganj Near by Sai baba Mandir Mirzapur ,Uttar Pradesh,Varanasi ,
Noble Touch Luxury Unisex Salon  (Lucknow ),9250034567,New Hazratganj gomti nagar extension ,Up,Lucknow ,
Tr Salon (Ayodhya ),9235781101,Naka chungi ,Up,Ayodhya ,
Kings Star Unisex Salon  (Nagpur ),9235496577,Wanadongri ,Maharashtra ,Nagpur ,
King Star Unisex Salon  (Ahmadnagar),9234900735,Sugat nagar ,Maharashtra,Ahmadnagar,
Gitter & Lashes Unisex Salon  (Nagpur),9234683065,Sugat nagar ,Maharashtra,Nagpur,
Magic Makeover  (Nagpur ),9234546300,Nara road Sugat nagar ,Maharashtra ,Nagpur ,
Ki N Ka Unisex Salon  (Mohali),9234432045,Sco 445 phase 10 mohali,Punjab ,Mohali,
Perfect 5 Clinic  (Raipur ),9226807816,Anand nagar ,Chattisgarh ,Raipur ,
Sakhi Shelia Salon  (Other),9220980755,Ratu road ,Andaman and Nicobar Islands,Other,
Dignity Beauty Parlour  (Chandigarh ),9220248600,Sec 32,Ut,Chandigarh ,
Shagun Beauty Parlour (East delhi),9219732210,Jhilmil,Delhi,East delhi,
Dreams  (Kot Kapura),9219448013,Mani bazar, kotkapura ,Punjab,Kot Kapura,
Beauty Club (Kotkapura ),9219102030,Mane bazar, kotkapura ,Punjab,Kotkapura ,
New Ellcanes Salon  (Kharar),9215548445,Kharar,Punjab ,Kharar,
Perf Point  (Varanasi ),9214107786,Narghat, Gosain Tola, Mirzapur, Uttar Pradesh,Uttar Pradesh,Varanasi ,
Seema Makeup Studio  (Lucknow ),9213940375,Malhor,Up,Lucknow ,
Annpurna Beauty Salons  (Bathinda ),9213940375,Bathinda ,Punjab ,Bathinda ,
Look Makeover Salon  (Talwandi sabo),9213929081,Main bajar, talwandi sabo ,Punjab ,Talwandi sabo,
# Blound Unisex Salon  (Moradabad),9213188860,buddhi vihar,Uttar Pradesh,Moradabad,
La Famme (Muzaffarnagar ),9212927333,Rehmat nagar,UP ,Muzaffarnagar ,
La Famme Salon (Gadarpur ),9212908188,Gadarpur ,Uttrakhand ,Gadarpur ,
La Famme Ledies Salon (Panchkula ),9212395692,Sec 20,Haryana ,Panchkula ,
Shanaz Saloon  (Lucknow ),9212162872,Gomtinagar extension ,Up,Lucknow ,
Shanaz Beauty Parlour  (Lucknow ),9211949452,Gomti Nagar extension ,Up,Lucknow ,
Gudiya Salon  (Lucknow ),9211485256,Ashiyana ,Up,Lucknow ,
Priya Makeover  (Allahabad ),9210608095,201/16, Sulem saraj  jayantipur near petrol pump Dhoomanganj Allahabad ,Uttar Pradesh ,Allahabad ,
Care Saloon  (bagnan ),9210608094,bganan laibari more,HOWRAH,bagnan ,
Gazal Salon (Adra),9209898908,1.no govt colony malda ,West Bengal,Adra,
Jodhana Beauty Point  (Nagpur),9205806002,Friends colony ,Maharashtra,Nagpur,
Lawela Bp (Nagpur),9193848024,Friends colony katol road ,Maharashtra,Nagpur,
Jyoti Hair Style  Salon  (East delhi),9185738128,Shivaji park shahdara,Delhi,East delhi,
Sonal Bp (East delhi),9175994316,Mayur vihar ph 2 main mkt,Delhi,East delhi,
Pratibha Beauty Parlour  (Delhi ),9172121466,Moti nagar ,Delhi ,Delhi ,
Koristaa Family Salon  (Ghaziabad ),9168813584,Raj Nagar Ext Ghaziabad ,Uttar Pradesh,Ghaziabad ,
Pachouli Wellness (Greater Noida ),9168176065,232, 1st floor, Gurbaksh Plaza, Jagat Farm, Gamma 1, Greater Noida, Uttar Pradesh 201306,Uttar Pradesh ,Greater Noida ,
Ritis Salon  (Noida),9166562697,Jagat Farm, Gamma-1, Greater Noida ,Uttar Pradesh,Noida,
Anushree Beauty Parlour  (Delhi ),9163400595,Ramesh Nagar ,Delhi ,Delhi ,
Pixy Maam  (Delhi ),9163207252,Ramesh nagar ,Delhi ,Delhi ,
Shades A Unisex Salon (Lucknow),9162257727,Sikanderbagh ,Uttar Pradesh,Lucknow,
The Hair Guru Unisex Salon  (Lucknow),9161335551,Sikander bagh ,Uttar Pradesh,Lucknow,
Stunner Salon (Lucknow ),9161195556,Sikanderbagh,Up,Lucknow ,
A Touch Of Glass Unisex Salon  (Lucknow ),9149979149,Sikanderbagh ,Up,Lucknow ,
A Touch Og Class Salon (Lucknow ),9149355322,Gokhle marg ,Up,Lucknow ,
A Touch Of Class Unisex Salon  (Varanasi ),9149164661,Karmanveer BHU Road Suswahi Varanasi ,Uttar Pradesh,Varanasi ,
Glamorous Looks Unisex Salon  (Varanasi ),9145947715,Pandeypur Khajuri Sudhakar Road ,Uttar Pradesh ,Varanasi ,
Ji Quee Makeover  (Kanpur ),9142364090,Lal bangla ,Uttar Pradesh ,Kanpur ,
Queen Makeover (Kanpur),9140998783,Panki road ,Uttar Pradesh,Kanpur,
Vyom Makeovers Unisex Salon  (Kanpur ),9140653319,Panki road kalyanpur ,Uttar Pradesh,Kanpur ,
Sd Salon  (Kanpur ),9140260109,Panki road kalyanpur ,Uttar Pradesh ,Kanpur ,
Luxkaya (Kanpur ),9140161717,Panki road ,Uttar Pradesh ,Kanpur ,
M Beauty Parlour  (Kanpur ),9136017918,Panki road kalyanpur ,Uttar Pradesh ,Kanpur ,
Tammanna Beauty Parlour  (Lucknow ),9131993109,Aliganj puraniya ,Up,Lucknow ,
Javed Haviv Unisex (Kanpur ),9131896369,Ranjeet nagar ,Uttar Pradesh,Kanpur ,
Glam Makeover  (Achhnera),9130474374,Madhopur ,Uttar Pradesh,Achhnera,
Priya Salon (Varanasi ),9129656002,Madhopur ,Uttar Pradesh ,Varanasi ,
Hi Style Salon (Meerut ),9129623359,Sec 2 shastri nagar meerut ,UP,Meerut ,
Vama Layer Unisex Salon  (Meerut),9123139796,Bhola road ,Uttar Pradesh,Meerut,
Vama Layer Salon  (Meerut ),9119990170,Bagpat road ,UP ,Meerut ,
Vama Leyars  Unisex Salon  (Haldwani ),9119827185,Ntl road,Uttrakhand ,Haldwani ,
Vama Layers Unisex Salon  (Meerut ),9119821795,Rg college ,UP,Meerut ,
Women Villa Beauty Care Clinic (Chandigarh),9119696092,Sec 41,Punjab,Chandigarh,
Blade Salon  (Allahabad ),9119374305,Preetam Nagar Allahabad ,Uttar Pradesh ,Allahabad ,
Javed Salon  (Lucknow ),9119162983,Gomti Nagar extension ,Up,Lucknow ,
Kia Unisex Salon  (Delhi ),9118887405,Paschim vihar ,Delhi ,Delhi ,
Make Over Studio (Lucknow ),9118463217,Jankipuram extension ,Up,Lucknow ,
Thor Unisex Salon  (Lucknow ),9118188857,Gomti Nagar SRS mall ,Up,Lucknow ,
Vs Enterprises  (Nagpur),9116362991,Nara road ,Maharashtra,Nagpur,
S V Enterprises (Kanpur ),9116200271,Swaroop Nagar ,Uttar Pradesh ,Kanpur ,
Olvir Unisex Salon  (Ghaziabad ),9115703196,Vashundhra Ghaziabad ,Uttar Pradesh,Ghaziabad ,
Flower Face Beauty Salon (Panchkula ),9115296196,Sec 20,Haryana ,Panchkula ,
E L Barbero Beauty Salon  (Agra),9111813176,opposite Shalimar hotel, Chakkipat, Chhipitola, Rakabganj, Agra, Uttar Pradesh 282003,Uttar Pradesh,Agra,
Kb Beauty Studio  (Agra),9111346675,Shop no 4 police line near gurudwara agra,Uttar Pradesh,Agra,
Revital Ss Salon Kavi Nagar  (Mawana ),9111007011,Mawana,UP,Mawana ,
Narender'S Unisex Salon (Jaunpur ),9110901065,Jaunpur ,Uttar Pradesh ,Jaunpur ,
Gorgeous Unisex Salon  (Noida),9110694662,Mahagun Mart, Sec 78, Noida PIN-201301,Uttar Pradesh,Noida,
Seema Make Over  (Noida),9105625810,Sec 75, Noida,Uttar Pradesh,Noida,
The M Sparkal (Noida),9101399681,PAN OASIS, 16, Market, Pan Oasis Society, Sector 70, Noida, Basi Bahuddin Nagar, Uttar Pradesh 201307,Uttar Pradesh,Noida,
Geetanjali Unisex  (Noida),9099562145,Lotus Panache, Sector 110,Uttar Pradesh,Noida,
Ahilya Beauty Parlour  (East delhi),9098769271,60 ft road vishwas nagar,Delhi,East delhi,
Moderen Beauty Parlour  (Noida),9098622519,Sec 76, Noida,Uttar Pradesh,Noida,
Be Gorgeous Salon (Noida),9096903110,Sec 78, Noida,Uttar Pradesh,Noida,
Fair N Face Ladies Beauty Saloon  (Quilon),9096216733,Paravur ,Kerala,Quilon,
The H2 Professional Salon  (Thrissur ),9090323212,Moolans family mart
Tramway line
Chalakudy ,Kerala ,Thrissur ,
Naina Bp Sonari  (Amritsar ),9088726116,Near sanja chula,Punjab ,Amritsar ,
D&D Professional  (Haldwani ),9088442194,,Uttrakhand ,Haldwani ,
D & D Professional  (Meerut ),9088229921,Bagpat road ,UP ,Meerut ,
Aura (Varanasi),9086070086,Khushaal nagar,Uttar Pradesh,Varanasi,
Harguns Salon (Noida),9084459378,N15/1AKH-1 Sankuldhara Sudamapur Varanasi - 221010,Uttar Pradesh,Noida,
Reflections Salon (Varanasi ),9084320860,N15/1AKH-1 Sankuldhara Sudamapur Varanasi - 221010,Uttar Pradesh,Varanasi ,
Hair Studeo (Varanasi ),9084316051,N 15/1AKH-1 Sankuldhara Sudamapur Varanasi-221010,Uttar Pradesh,Varanasi ,
Colours Matrix  (Varanasi ),9080886650,Khojwan Road ,Uttar Pradesh ,Varanasi ,
Cut &Shine (Varanasi ),9080776656,Khojwan ,Uttar Pradesh ,Varanasi ,
Salon La Cafe  (Hoshiarpur ),9080678060,Mahilpur ,Punjab,Hoshiarpur ,
Salon La Cafe (Meerut ),9079171661,Central market shastri nagar meerut ,UP,Meerut ,
Mayuri  (Khatuli ),9078653421,Khatuli ,UP ,Khatuli ,
Yuthika Makeover  (Modinagar ),9076688816,Niwadi road,UP,Modinagar ,
La Pearle Salon (Modinagar ),9073120062,Modinagar ,UP,Modinagar ,
 La Pearle Unisex Salon  (Nagpur),9070675534,Durgavati chock ,Maharashtra,Nagpur,
Aura Unisex Salon  (ERANAKULAM ),9068888577,Pulichuvadu,Kerala ,ERANAKULAM ,
Mausam Salon  (Jamshedpur),9068254374,Near HP Petrol pump, Dimna Road, Mango,Jharkhand,Jamshedpur,
Ballayaz Unisex Salon  (Adra),9066509547,Santoshi nagar,West Bengal,Adra,
Aradhya Makeover  (Jodhpur ),9059083987,Sardarpura ,Rajasthan ,Jodhpur ,
Midas Makeup Studio  (Jodhpur ),9059053987,Sardarpura ,Rajasthan ,Jodhpur ,
Star Unisex Salon  (Jodhpur ),9056547886,Adarsh Nagar near aditi cafe,Rajsthan ,Jodhpur ,
Ravi& Jyoti Salon (Pali),9055511156,Adarsh Nagar near aditi cafe,Rajsthan ,Pali,
Rj Mirror Up Studio  (Meerut ),9051436481,Kanker khera ,UP,Meerut ,
Mg Beauty Parlour  (Meerut ),9051246815,Sadar bazar ,UP,Meerut ,
Cut & Clip (Meerut ),9050400093,Sadar ,UP,Meerut ,
Cut & Clip Unisex Salon  (Jodhpur),9045928972,Sardarpura ,Rajasthan,Jodhpur,
Cut &Clip Salon  (Kanpur),9045678097,Govind Nagar ,Uttar Pradesh,Kanpur,
Jojo Unisex Salon  (Kanpur ),9045290935,Govind Nagar ,Uttar Pradesh ,Kanpur ,
Glam Looks Salon  (Kanpur ),9045074277,Govind Nagar G- Block ,Uttar Pradesh ,Kanpur ,
Moni Ladies Beauty Parlour  (Lucknow ),9044804443,Arjunganj ,Up,Lucknow ,
Glamour  (Lucknow ),9044731191,Srinagar nagar ,Up,Lucknow ,
Rumu (Jodhpur ),9044581580,Chb,Rajsthan ,Jodhpur ,
Kaya Bp  (Jodhpur),9044455808,Sardarpura ,Rajasthan,Jodhpur,
Queen Harbal Beauty Salon  (Jodhpur),9044433444,Banar Jodhpur ,Rajasthan,Jodhpur,
Alpine Luxury Salon (Jodhpur ),9044140901,Sardarpura c road Jodhpur ,Rajsthan ,Jodhpur ,
Skin Luxe Salon  (Jodhpur ),9044000852,Sardarpura ,Rajsthan ,Jodhpur ,
Glam Unisex Salon  (Kanpur),9042247407,Ratan lal nagar ,Uttar Pradesh,Kanpur,
9S Hair Salon  (Kanpur ),9041962127,Flat No -38 Raj Tower  Ratan Lal Nagar ,Uttar Pradesh ,Kanpur ,
Heena Beauty Parlor  (Kanpur ),9041556460,Ratan lal nagar ,Uttar Pradesh ,Kanpur ,
I Conic Unisex  (Jodhpur ),9040320470,Pratap Nagar ,Rajsthan ,Jodhpur ,
Feminity Unisex Salon  (Jodhpur ),9039673344,Pratap Nagar ,Rajsthan ,Jodhpur ,
Wonder Touch Unisex Salon (Guwahati),9039039711,Hatigaon ,Assam,Guwahati,
The Scissors Salon  (Achaljamu),9036441144,Ground floor Moti Mahal, Azadnagar, Opp. HP Petrol pump, Mango,Jharkhand,Achaljamu,
Elegance Unisex Salon  (Jaunpur ),9036339986,Khujji mod (Hisampur Road) Dhobhi Jaunpur ,Uttar Pradesh ,Jaunpur ,
R J Galaxy Unisex Salon  (Varanasi ),9034433374,Azamgarh Road,Uttar Pradesh ,Varanasi ,
Uniqe Scissors Unisex Salon (Raipur),9031652619,Samta colony ,Chhattisgarh,Raipur,
Samaira Makeover  (Nagpur),9027844306,Indora chowk ,Maharashtra,Nagpur,
Akansha Makeover  (Delhi ),9026890099,Ramesh nagar ,Delhi ,Delhi ,
Elegant Touch Beauty Parlour  (Hamirpur),9026779690, First floor Opposite Bus stand Nadaun market ,HIMACHAL PRADESH,Hamirpur,
Swapna  Unisex Salon Raj Nagar  (Amritsar),9026678790,D block Markit ,Punjab,Amritsar,
Pihu Parlour (Amritsar ),9026587673,Near Shivala mandir,Punjab ,Amritsar ,
Hair Planet Salon  (Mohali),9026140426,Sco 14 sec 68,Punjab ,Mohali,
Neha'S Makeover Unisex Salon  (Amritsar),9024196111,Near lal devi Mandir ,Punjab,Amritsar,
Infinity Salon (Amritsar ),9022913554,Near lal devi mandir rani ka bagh,Punjab ,Amritsar ,
Snehajyoti Beauty Parlour  (Amritsar ),9021635061,Near lal devi mandir,Punjab ,Amritsar ,
Snehajyoti Make Over  (Chandigarh),9015922336,Sec 37d,Punjab,Chandigarh,
Shruti Beauty Parlour  (Jalalabad),9015451480,Mani bazar, Jalalabad ,Punjab,Jalalabad,
Jodhana Beauty Parlor  (Jalalabad ),9012805029,J734+QR8 Jass Lehnga House, Sri Muktsar Sahib, Jalalabad,,Punjab,Jalalabad ,
Salon 82 (Jalalabad ),9012482449,Mani bazar, Jalalabad ,Punjab,Jalalabad ,
Blonde Beauty Salon  (Ferozepore),9012481453,Firozepur cantt ,Punjab,Ferozepore,
Crown & Comb Salon (Ferozepore),9011437084,, firozepur cantt,Punjab,Ferozepore,
V Hair Craft Salon  (Ferozepore),9009549266,Firozepur cantt,Punjab,Ferozepore,
Mystique World Salon (Ferozepur cantt),9007003461,253 Bno 3, Suzi Bazar, opp. Balaji Temple, opp. Salasar Balaji Mandir, Ferozepur Cantt, Punjab 152001,Punjab,Ferozepur cantt,
Mistique World  (Firozepur ),9005776824,Cantt , Firozpur ,Punjab,Firozepur ,
Bride O City (Noida),9005776823,253 Bno 3, Suzi Bazar, opp. Balaji Temple, opp. Salasar Balaji Mandir, Ferozepur Cantt, Punjab 152001,Punjab,Noida,
Heavens Makeover  (Faridkot),9003555018,Circal road , Faridkot ,Punjab,Faridkot,
The Face Dairy Unisex Salon (FARIDKOT ),9003197666,Circular road, Faridkot ,Punjab,FARIDKOT ,
Must Be Real Salon (Palghat),8999925267,Muttikulangara,Kerala,Palghat,
S Trends Professional Beauty Salon  (Raipur),8999545192,Shailendra nagar ,Chhattisgarh,Raipur,
Shipra Makeover Salon  (Chandigarh),8997237956,Sec 37,Punjab,Chandigarh,
Neha Rastogi  (Jagdalpur),8989787867,Harha road.jagdalpur,Chhattisgarh,Jagdalpur,
Bhawna & Dolly Makeover  (Jagdalpur),8989786756,Harha road.jagdalpur,Chhattisgarh,Jagdalpur,
Lakshita (Hisar ),8989768767,Model town ,Haryana ,Hisar ,
Sheen Beauty  (Delhi ),8986677003,Uttam Nagar ,Delhi ,Delhi ,
Belleza Unisex Salon  (Delhi ),8986645567,Uttam Nagar ,Delhi ,Delhi ,
Bellaza Unisex Salon  (Delhi ),8983058374,Uttam Nagar ,Delhi ,Delhi ,
Blush Beauty Parlour  (Jalandhar ),8982746744,Milap chownk jalandhar ,Punjab,Jalandhar ,
The Lotus Unisex Salon  (Jalandhar ),8979598315,Milap chownk jalandhar ,Punjab,Jalandhar ,
Naincy Beauty Saloon  (Jalandhar ),8979352036,Milaap chowk jalandhar ,Punjab,Jalandhar ,
Naincy Beauty Parlour  (Jalandhar ),8979342165,Jalandhar ,Punjab ,Jalandhar ,
Raiging Bp (Jalandhar ),8978908989,Jalandhar ,Punjab ,Jalandhar ,
Xpertcare Unisex Salon  (Kharar),8978675645,Kharar,Punjab ,Kharar,
Aaradhna Saloon  (Pathankot),8978675644,Near kametighar,Punjab,Pathankot,
Mahi Beauty Point  (Jandala ),8977776321,Lovekuch chonk,Punjab ,Jandala ,
Vandana Beauty Parlor  (Jandiala),8976456323,Lovekuch chonk ,Punjab,Jandiala,
Volume Ki And Ka Unisex Salon  (Kharar),8972284414,Kurali,Kharar,Kharar,
Meraki Salon  (Kharar),8971610805,New chandigarh ,Kharar,Kharar,
Bronze Unisex Salon  (Jodhpur ),8969962888,Ratnada ,Rajsthan ,Jodhpur ,
New Bridal Zone (Abu),8968486950,Abu road ,Rajasthan,Abu,
Mansoon Luxury Salon (Muzaffarnagar),8968368009,Punjabi colony ,Uttar Pradesh,Muzaffarnagar,
W6 Salon  Zira (Khatuli ),8968241045,GT road khatuli ,UP ,Khatuli ,
Sahiba Makeover  (Achhnera),8968164427,Badi Gaibi,Uttar Pradesh,Achhnera,
Universe (Lucknow ),8968080550,Ashiyana ,Up,Lucknow ,
Herbal Beauty Parlour  (Kanpur),8967451100,Saket nagar ,Uttar Pradesh,Kanpur,
Infinity Shanakar Nagar (Kanpur),8963097777,Saket nagar ,Uttar Pradesh,Kanpur,
Style Heaven Salon (Kanpur ),8960641528,Saket nagar ,Uttar Pradesh ,Kanpur ,
Classic Touch  (Lucknow),8960163721,Narhi bazar ,Uttar Pradesh,Lucknow,
Studio Family Salon  (Lucknow ),8958882536,Narhi Hazratganj ,Up,Lucknow ,
Rupa Parlour  (Lucknow ),8958236708,Narhi Hazratganj ,Up,Lucknow ,
Sanvi Makeover  (Lucknow ),8958111789,Ashiyana ,Up,Lucknow ,
Megha Parlour  (Thiruvananthapuram),8957976419,Thirumala,Kerala,Thiruvananthapuram,
Style N Smile Unisex Salon  (Bhubaneswar ),8957234877,Saheed Nagar bbsr,Odisha ,Bhubaneswar ,
Curls Hair Studio  (Bhubaneswar ),8956986305,Raghunath pur bbsr,Odisha ,Bhubaneswar ,
Uzma Beauty Parlor  (Bhubaneswar ),8955265569,Unit 4 near padarsani padia,Odisha ,Bhubaneswar ,
Magic Skill Salon (Jodhpur),8954357153,Ratnada ,Rajasthan,Jodhpur,
The Art Samily Salone (chadan nagar),8954301550,swapnbazar 712136,hugley,chadan nagar,
Color Trends  (Jodhpur ),8954147690,Ratnada ,Rajsthan ,Jodhpur ,
Nidhi Makeover  (Jodhpur ),8954081875,Ratnada airforce order collect ,Rajasthan ,Jodhpur ,
Sanky Beauty Parlour  (Jodhpur ),8953099469,Ratnada ,Rajsthan ,Jodhpur ,
Vandini For You  (Jodhpur ),8952981468,Pawta ,Rajasthan ,Jodhpur ,
The Glam House  (Ambikapur),8952851382,Ambikapur,Chhattisgarh,Ambikapur,
Jawad Habib Hair And Beauty  Kidwai Nagar  (Agra),8951415400,4 Adan Bagh Extension, Dayal Bagh,Agra,Uttar Pradesh,Agra,
Mdm (Nagpur),8948933179,Vaishali Nagar ,Maharashtra,Nagpur,
Beauty Point Salon  (Udhampur),8944071260,Udhampur,Jammu and Kashma«r,Udhampur,
Beauty Point (Jammu),8938942324,,Jammu and Kashmir,Jammu,
Tulika Makeup Studio  (Jammu),8937858294,Jammu gandhi nagar ,Jammu and Kashmir,Jammu,
Tusha Arora  (Hamirpur),8934331750,Vpo lambloo tehsil and district Hamirpur ,Himachal Pradesh,Hamirpur,
Kwality Unisex Salon  (Rajkot ),8927787469,Mavdi,Gujrat ,Rajkot ,
Vanity Salon  (Chandigarh),8923708689,Sec 32,Punjab,Chandigarh,
Sonu Beauty Salon  (Hamirpur),8920756356,Sujanpur near Bus stand ,HIMACHAL PRADESH,Hamirpur,
Blush Brush Makeover  (Bathinda ),8920704999,Bathinda ,Punjab ,Bathinda ,
Blush Brush Salon  (Chandigarh ),8920041242,Sco 40 sec 19c Chandigarh ,UT,Chandigarh ,
Blush Brush By Himani  (Amritsar),8910419636,Majitha road gurduware wali gali ,Punjab,Amritsar,
Karishma Makeover (Amritsar ),8909878678,Gurduare wali gali majitha road ,Punjab ,Amritsar ,
Colours Salon (Chandigarh ),8907867809,Sco 371 first floor sec 44D,Ut,Chandigarh ,
Raju Habib (Achhnera),8907144908,Rajatalab ,Uttar Pradesh,Achhnera,
Orchid Hair & Skin Studio  (Varanasi ),8906785410,Rajatalab ,Uttar Pradesh ,Varanasi ,
Pooja Sahanaj Makeover  (Lucknow),8904834703,Gomtinagar ,Uttar Pradesh,Lucknow,
Awadh Beauty Parlour  (Lucknow ),8902282525,Gomti Nagar SRS mall,Up,Lucknow ,
Women World Beauty Salon  (Varanasi ),8899920777,Suswahi ,Uttar Pradesh,Varanasi ,
O3 Luxury Salon  (Gorakhpur ),8899127123,Town hall kachahari road gorakhpur ,Uttar Pradesh ,Gorakhpur ,
Jayalaxmi  (Lucknow ),8896555835,PGI,Uttar Pradesh ,Lucknow ,
Makeup And Academy  (Kanpur),8892950499,Ratan lal nagar ,Uttar Pradesh,Kanpur,
Muskan Parlour  (Kanpur ),8890676975,Ratan lal nagar ,Uttar Pradesh ,Kanpur ,
Sanvi Beauty Care (Kanpur ),8890123229,Ratan lal nagar ,Uttar Pradesh ,Kanpur ,
Touch And Glow  (Lucknow ),8889967272,Faijullahganj ,Up,Lucknow ,
Radiance Salon  (Jodhpur ),8888107044,Chb baba Randev mandir,Rajsthan ,Jodhpur ,
Sangeeta Beauty Saloon  (Jodhpur),8887918880,Sardarpura ,Rajasthan,Jodhpur,
The Artists Room Makeup Studio @ Beauty Salons  (Jodhpur ),8887727831,Ratnada airforce order collect ,Rajasthan ,Jodhpur ,
The Artists Room Makeup Studio @ Salon (Jodhpur),8884569369,Pratapnagar,Rajasthan,Jodhpur,
Dora Beauty Parlour  (Jodhpur ),8882771411,Sardarpura ,Rajsthan ,Jodhpur ,
Param Makeover (Jodhpur),8882671414,Sardarpura ,Rajasthan,Jodhpur,
True Lounge Luxury Salon  (Jodhpur ),8882640467,Chb,Rajsthan ,Jodhpur ,
True Lounge Luxury Salon (Moradabad),8882491890,mda,Uttar Pradesh,Moradabad,
Myraa Unisex Salon  (moradabad ),8882221063,ashiana ,up,moradabad ,
An Apple  (moradabad ),8882134309,ashiyana ,up ,moradabad ,
Jannat Slaon (Muzaffarnagar ),8882122984,Gandhi colony ,UP ,Muzaffarnagar ,
My Style  (Modinagar),8882119586,G T road ,UP,Modinagar,
Charvi Palour  (Raipur ),8882040995,Mova,Chattisgarh ,Raipur ,
Zig Zag Saloon (Jagdalpur),8882029965,Jagdalpur,kothari market ,Chattisgarh ,Jagdalpur,
House Of Beauty  (Silchar),8881674727,Public school road, silchar ,Assam,Silchar,
Nandani Salon  (Silchar),8881634483,Public school road, silchar ,Assam,Silchar,
Salon 9 To 9  (Raipur ),8881078887,New rajendranagar ,Chattisgarh ,Raipur ,
Smart & Glam Studio  (Jagdalpur ),8877942682,Goal bazar road,Chattisgarh ,Jagdalpur ,
Brush @ Beauty  (Guwahati),8876372172,Six mile ,Assam,Guwahati,
Gelliter Beauty Saloon  (moradabad ),8875727694,line par,up ,moradabad ,
Look Unisex Salon Z Square Mall  (Varanasi),8874352962,Chitaipur ,Uttar Pradesh,Varanasi,
Vanity Ladies Salon  (Moradabad),8872843003,naveen nagar ,Uttar Pradesh,Moradabad,
Charu Beauty Parlour  (Jodhpur ),8872770126,Sardarpura c road Jodhpur ,Rajsthan ,Jodhpur ,
Maddona Salon (Jodhpur),8872506932,Sardarpura ,Rajasthan,Jodhpur,
Meddona Salon (Jodhpur ),8872482996,Ratnada,Rajsthan ,Jodhpur ,
Makeover Ministry Beauty Salon (Delhi ),8872280800,Gali no 5 c block Bhajanpura ,Delhi ,Delhi ,
Naina B P  (Rajkot ),8872200407,Nr d Mart kuvadva road ,Gujrat ,Rajkot ,
Creative Salon  (Abohar),8872106004,Mani bazar ,Punjab,Abohar,
Vaishnavi Makeover  (Muktsar),8869878090,Kotkapura baypass, Muktsar,Punjab,Muktsar,
The Beauty Life Ladies Salon  (Rajkot ),8868972710,Ghanshyam society.balaji complex Bh crystal mall,Gujrat ,Rajkot ,
Munmuns (Nagpur),8868878364,Nara road ,Maharashtra,Nagpur,
Prismaa (Nagpur),8868849819,Mahal,Maharashtra,Nagpur,
Doll House Beauty Salon  (Nagpur ),8860880089,Hingna ,Maharashtra ,Nagpur ,
Glamz Hairdressing (Nagpur),8860793383,Deepak nagar ,Maharashtra,Nagpur,
Hi Look Hairlines (Nagpur),8860704882,Manewada Road ,Maharashtra,Nagpur,
La Queen Beauty Parlour  (Nagpur),8860560826,Telephone exchange squar,Maharashtra,Nagpur,
Bel& Bela (Nagpur ),8860519570,Khamla ,Maharashtra ,Nagpur ,
Meeraki Unisex  (Kanpur ),8860438849,Swaroop Nagar ,Uttar Pradesh ,Kanpur ,
Pushpa Beauty Parlor  (Lucknow ),8860287348,Buttler place,Up,Lucknow ,
Queen Make Over (Lucknow),8860218231,Sikanderbagh ,Uttar Pradesh,Lucknow,
Kalp Beauty Salon  (Achhnera),8860183886,Saarnath,Uttar Pradesh,Achhnera,
Mahira Mackup Studeo  (Meerut ),8860089710,Kanker khera ,UP ,Meerut ,
Kingz Quince Salon  (Delhi),8860073573,West Petal nagar ,Delhi,Delhi,
Megha Mannat Makeover  (Delhi),8860029119,West Petal nagar ,Delhi ,Delhi,
Om Krishna Salon (Delhi),8860007837,Petal Nagar ,Delhi ,Delhi,
Creme Beauty Parlor  (Delhi ),8860004411,West Patel nagar ,Delhi ,Delhi ,
Queen Beauty Point  (Muzaffarnagar ),8859998886,Rehmat nagar ,UP ,Muzaffarnagar ,
Miss Soni Beauty Parlor  (Mawana ),8859414001,A S Inter College Mawana ,UP,Mawana ,
Ally Beauty Parlor  (Coimbatore ),8857915484,Saravanampatty ,Tamilnadu ,Coimbatore ,
Sagun Beauty Parlour  (moradabad ),8856789874,amroha ,up,moradabad ,
Dazzle Saloon (Mumbai),8853741993,Nalasopara west ,Maharashtra,Mumbai,
Leela Unisex Salon  (Jalandhar ),8851969171,Jalandhar ,Punjab ,Jalandhar ,
Beauty Mark (Amritsar ),8851744836,Kashmir avenue near celebration mall,Punjab ,Amritsar ,
Makeup Villa (Amritsar ),8851628434,Kashmir avenue ,Punjab ,Amritsar ,
Best Look Saloon (Noida),8851426058,Shop No 12, Marriot Towers Urbtech Xaviers, Sector 168, Noida, Uttar Pradesh 201305,Uttar Pradesh ,Noida,
Hairport Salon (East delhi),8851422833,Mayur vihar aacharya niketan,Delhi,East delhi,
Ar Hair Studio (East delhi),8851164114,Mayur vihar aacharya niketan,Delhi,East delhi,
Ar Hair Studio  (Faridabad ),8851029803,Dabua ,Haryana ,Faridabad ,
The Artist Room  (Delhi ),8847630355,Mayur vihar phase 1 Delhi ,Delhi ,Delhi ,
Vrinda Unisex Salon  (East delhi),8847628684,Mayur vihar 1st. Aacharya niketan .,Delhi,East delhi,
Sugam B P  (West Delhi ),8847325604,Vikas puri ,Delhi,West Delhi ,
Bride Makeover  (West Delhi ),8845725613,Hari nagar ,Delhi,West Delhi ,
Pratyasha Salon  (New Delhi),8840609303,Amar colony,Delhi,New Delhi,
Mister N Madam  (New Delhi),8840599480,Amar colony ,Delhi,New Delhi,
Gleam Up Makeup Studio  (Delhi ),8840568179,12/4 wazirabad 
Delhi 84,Delhi ,Delhi ,
Laxmi Beauty Parlour  (Delhi ),8840187549,12/ 4 wazirabad Delhi 84,Delhi ,Delhi ,
Hair Resorts  (Delhi ),8840150963,Dwarka ,Delhi ,Delhi ,
Lavita Beauty Salon  (Delhi),8839607816,Ashok Nagar Main Road, Delhi,Delhi,Delhi,
Roop Shingar B P  (Noida),8837849155,Shop No. 1, 7th Avenue Gaur City -1, Greater Noida West, Noida Pin- 201301,Uttar Pradesh,Noida,
Deepak Makeup Studio  (Delhi ),8837540858,Uttam Nagar ,Delhi ,Delhi ,
Celebrity Salon  (Delhi ),8830991602,Paharganj ,Delhi ,Delhi ,
Makeup Zone (Noida),8830793175,Central Market Sec 50 Noida ,Uttar Pradesh,Noida,
Big Boss (Jodhpur),8829956448,Pratapnagar,Rajasthan,Jodhpur,
Art Of Beauty By Sona (Jodhpur ),8828903132,Pratap Nagar ,Rajsthan ,Jodhpur ,
Makeover Salon  (Noida),8827495729,Shop number LG 6 and 7, parsvanath plaza, Tulsi Marg, G Block, Pocket G, Sector 27, Noida, Uttar Pradesh 201301,Uttar Pradesh,Noida,
Anmol Saloon (East delhi),8826944956,M s park mandoli road,Delhi,East delhi,
Care Salon  (Coimbatore ),8826882653,Ganapathi ,Tamilnadu ,Coimbatore ,
A Unisex Salon  (Raipur ),8826736717,Shreenagar,,Chattisgarh ,Raipur ,
Rose Marry Salon  (Chandigarh),8826563565,Sec 23,Punjab,Chandigarh,
The Beauty Bar (Varanasi ),8826421573,Sigra tiraha,Uttar Pradesh,Varanasi ,
Cafrockings Salon & Academy Unisex Salon (Kanpur ),8826239771,Shastri Nagar,Uttar Pradesh,Kanpur ,
 Attitude Unisex Salon  (Fezabad ),8826187087,Fezabad,U.P.,Fezabad ,
Colours Makeup Studio (Kanpur ),8826033882,GOVIND PURI ,Uttar Pradesh ,Kanpur ,
Vesta Family Salon  (Lucknow ),8824889347,aashiyana ,U.P.,Lucknow ,
Srinagar Beauty Parlor  (Lucknow ),8822900300,Gokhale marg,Up,Lucknow ,
Super Syar Salon (Lucknow ),8820881655,Gokhle marg ,Up,Lucknow ,
S V R Unisex Salon  (Lucknow ),8818005550,Gokhale marg,Up,Lucknow ,
Srisha Women'S World (Varanasi ),8816969826,Badashabag,Uttar Pradesh ,Varanasi ,
Arpita’S Lbp (Varanasi ),8810902422,Lahurabeer ,Uttar Pradesh ,Varanasi ,
Di Dios (Kanpur),8810902402,Govind Nagar ,Uttar Pradesh,Kanpur,
Daisy Makeover  (Kanpur ),8810262721,Govind Nagar ,Uttar Pradesh ,Kanpur ,
His And Her  (Gorakhpur),8809965173,Main market khalilabad ,Uttar Pradesh,Gorakhpur,
Amit Dadhiwala Salon Academy  (Allahabad ),8806721456,Allapur Allahabad ,Uttar Pradesh ,Allahabad ,
Sakshi Beauty Parlor  (Jodhpur ),8806388934,Chb,Rajasthan ,Jodhpur ,
Tanisha Saloon  (Jodhpur ),8804480888,Sardarpura d road ,Rajsthan ,Jodhpur ,
Dream Palace Saloon  (Jodhpur),8804111104,Chb Jodhpur ,Rajasthan,Jodhpur,
Orange Salon  (Jamshedpur ),8802880808,Sitngora ,Jharkhand ,Jamshedpur ,
Aura Rejuvenate Salon  (Jodhpur),8800910045,Ratnada,Rajasthan,Jodhpur,
Aura Rejuvenate Salon (Dhanbad ),8800865388,Hirapur ,Jharkhand ,Dhanbad ,
Renvic'S Touch Salon  (Jodhpur ),8800814543,Paota,Rajasthan ,Jodhpur ,
Renvic Touch Salon (Kolkata ),8800762863,5th Cross Rd, BF Block, Sector 1, Bidhannagar, Kolkata, West Bengal 700064,West Bengal ,Kolkata ,
Zuba Unisex Salon  (Kolkata),8800737370,48, Santoshpur Avenue, Park Palace, Near, Shukanta Setu, opp. Trikon Park, Santoshpur, Kolkata, West Bengal 700075,West Bengal ,Kolkata,
Mohini Beauty Salon  (Kolkata ),8800735735,48, Santoshpur Avenue, Park Palace, Near, Shukanta Setu, opp. Trikon Park, Santoshpur, Kolkata, West Bengal 700075,West Bengal ,Kolkata ,
Rangolika Beauty Salon  (Raipur ),8800568385,Avanti vihar ,Chattisgarh ,Raipur ,
Rangolika Makeover  (Rajkot ),8800536222,,Gujrat ,Rajkot ,
Rongolika Beauty Salon  (Nagpur),8800531360,Jaripatka ,Maharashtra,Nagpur,
Rangoli Beauty Salon  (East delhi),8800519256,Mayur vihar aacharya niketan,Delhi,East delhi,
City Heart  (Delhi ),8800512459,Shop no 25,28 living style Mall 
Mayur vihar phase 1 ,Delhi ,Delhi ,
The Looks Expert Unisex Salon  (Greater Noida ),8800468321,Jagat Farm, Block E, Chandila, Gamma 1, Greater Noida, Uttar Pradesh 201310,Uttar Pradesh ,Greater Noida ,
Exotic (Lucknow),8800386770,Jawahar bhawan ,Uttar Pradesh,Lucknow,
Meetali Makeover  (Lucknow ),8800355462,Jawahar bhawan Hazratganj ,Up,Lucknow ,
Saloon Story  (Lucknow ),8800234202,Jawahar bhawan,Up,Lucknow ,
The Rayal Style Unisex Salon  (Lucknow ),8800224640,Jawahar bhawan Hazratganj ,Up ,Lucknow ,
Monika Monisha Makeup Studio  (East delhi),8800222890,Vivek vihar,Delhi,East delhi,
Beyond Parlour  (Noida),8799505011, Sector 137 Paras tiera commercial 2 , Noida, Uttar Pradesh 201305,Uttar Pradesh,Noida,
Riva Beauty Salon (Noida),8798763092,Shop no. 19, Paras Commercial-2, Paras Tierea, Sector 137,Uttar Pradesh,Noida,
Reva Hair @ Beauty Salon  (Noida ),8798567732,Paras Tierea, Sector 137, Noida, Uttar Pradesh 201305,Uttar Pradesh ,Noida ,
Nadeem Hussain  (Noida),8796346580,Shop No. 1, First Floor, Mahagun Mirabella, Sector 79, Noida, Uttar Pradesh 201301,Uttar Pradesh,Noida,
Choice At Client  (Noida),8795275266,Shop No. 1, First Floor, Mahagun Mirabella, Sector 79, Noida, Uttar Pradesh 201301,Uttar Pradesh ,Noida,
Casa Belleza (Noida ),8795008902,Shop No. 1, First Floor, Mahagun Mirabella, Sector 79, Noida, Uttar Pradesh 201301,Uttar Pradesh ,Noida ,
The Bros Hair Studio (Jalalabad ) (Greater Noida ),8793475245,GROUND FLOOR SHOP NO.13, ANSAL PAZA MALL, Pari Chowk, Amit Nagar, Sadarpur, Greater Noida, Uttar Pradesh 201310,Uttar Pradesh ,Greater Noida ,
The Bros Hair Studio  (Delhi ),8791312971,Laxmi Nagar main mkt ,Delhi ,Delhi ,
Lookz Bridal Studio Jalalabad  (East delhi),8791003517,Laxmi nagar,Delhi,East delhi,
Lookz Bridal Studio Jalalabad (Faridabad ),8789318484,A-1552, Basement, Main Road Greenfields Colony Faridabad ,Haryana ,Faridabad ,
Salhis Master Stroke  (Delhi ),8789091537,D block west janakpuri ,Delhi ,Delhi ,
Brother Salon (Jodhpur),8788012249,Kudi,Rajasthan,Jodhpur,
Brother Salon  (Jodhpur ),8787274761,Ratnada,Rajsthan ,Jodhpur ,
Style Zone Unisex Salon  (Jodhpur ),8787007025,Ratnada,Rajsthan ,Jodhpur ,
Reviva Salon (Jodhpur ),8778842289,Ratnada,Rajsthan ,Jodhpur ,
Smart Look Beauty Parlour  (Jodhpur ),8777468773,Ratnada,Rajsthan ,Jodhpur ,
Akshara Beauty Parlour  (Delhi ),8770963398,Deep market ashok vihar ,Delhi ,Delhi ,
Cut N Waves Salon  (Jodhpur),8770779907,Chb kudi,Rajasthan,Jodhpur,
Ditya Makeover  (Jodhpur ),8770622967,Kudi Chb Jodhpur ,Rajasthan ,Jodhpur ,
Diya Beauty Salon  (Delhi),8770497887,West patel nagar ,Delhi ,Delhi,
Divya Gill Makeover (Delhi),8770100275,Dwarka ,Delhi ,Delhi,
Shivani Gautam Makeover  (East delhi),8766265933,Gtb enqlave dilshad garden,Delhi,East delhi,
Exclusive Salon (Delhi),8766227247,Janakpuri ,Delhi ,Delhi,
Venus Makeover (Delhi ),8766223207,C 74 janakpuri ,Delhi ,Delhi ,
Reema Malhotra Makeup  (Delhi ),8765349864,Janakpuri ,Delhi ,Delhi ,
Ramaz Unisex Salon (Delhi ),8757977819,Janakpuri ,Delhi ,Delhi ,
Unicorn Unisex Salon (North delhi),8757932786,BH 457 East opp. Miglani chemist shalimar bagh delhi 110088,Delhi,North delhi,
The Hair Stories Unisex Salon  (Delhi ),8756341298,B23 bhala natth nagar delhi ,Delhi ,Delhi ,
Monsoon Salon (Delhi ),8755888883,Main road Sant nagar burari ,Delhi ,Delhi ,
Rr Studio Unisex Salon  (Delhi ),8755665768,Vikas puri ,Delhi ,Delhi ,
Gravity Salon  (Delhi ),8755600111,Main road Uttam Nagar 
B-89  ,Delhi ,Delhi ,
D.Iconik Salon  (Delhi),8750144144,B-105, 4, Amar Colony, Lajpat Nagar, New Delhi, Delhi 110024,Delhi,Delhi,
Grandeur Salon  (Noida),8750129109,J Block, Pocket J, Sector 18, Noida, Uttar Pradesh 201301,Uttar Pradesh,Noida,
Meghna B P (Noida),8750003815,Sec 18, Noida,Uttar Pradesh,Noida,
Amrapali Beauty Parlour  (Noida),8739911004,J Block, Pocket I, Sector 18, Noida, Uttar Pradesh 201301,Uttar Pradesh ,Noida,
Auara (Delhi),8736772311,Visit ,Delhi,Delhi,
Loreal Glow Unisex Salon  (East delhi),8728942010,Bhajanpura gali no 5 c block,Delhi,East delhi,
Dinky Arya Beauty Salon  (East delhi),8727837078,Bhajanpura gali no 5. C block ,Delhi,East delhi,
Rekha Makeover   (Noida),8726325872,92, Ground Floor & 1st Floor, opp. Noida Stadium, Sector 12,Uttar Pradesh,Noida,
Dinky Arya Makeover  (East delhi),8724185495,Durgapuri main chowk,Delhi,East delhi,
Uniluxe Salon  (Delhi ),8722663207,Building no'C-32 upper ground 
Rajouri garden Delhi -27,Delhi ,Delhi ,
Swanky Unisex Salon  (Greater Noida ),8719283271,Shop no. 231, 1st floor, Gurbaksh Plaza, Market, Jagat Farm, Block E, Chandila, Gamma 1, Greater Noida, Uttar Pradesh 201310,Uttar Pradesh ,Greater Noida ,
Hair Care  (Delhi ),8716445923,Main mkt Bhajanpura Gali No 5,Delhi ,Delhi ,
Tanishk Unisex Salon  (East delhi),8714571110,Gali no 5 c block bhajanpura,Delhi,East delhi,
Touch N Glow  (East delhi),8709560629,Bhajanpura c block gali no 5,Delhi,East delhi,
711 Hair Port (East delhi),8709553873,Payment,Delhi,East delhi,
He&She Hair Studio  (Ghaziabad ),8709424729,Kavi Nagar Ghaziabad ,Uttar Pradesh,Ghaziabad ,
Aksh Maan Salon Midki (Noida ),8709299446,Shop No. 60, Gate No. 1, Rani Avantibai Marg, opposite CLEO COUNTY, Sector 121, Noida, Basi Bahuddin Nagar, Uttar Pradesh 201307,Uttar Pradesh ,Noida ,
Samer Beauty Salon (Delhi ),8709170516,Shanidev bazar road Uttam Nagar ,Delhi ,Delhi ,
Simpi Makeover Ladies Saloon  (Delhi ),8707885464,Uttam Nagar 
,Delhi ,Delhi ,
The Trends Makeover Salon And Academy  (West Delhi ),8707873522,Vikas puri ,Delhi,West Delhi ,
Bright Makeup Studio  (West Delhi ),8707516397,Om vihar ,Delhi ,West Delhi ,
Kashmira Beauty Salon  (Delhi),8707268973,Uttam Nagar ,Delhi ,Delhi,
Kashmira Makeover  (Nagpur),8700984176,Besa road ,Maharashtra,Nagpur,
Khushi Beauty Salon (Butibori ),8700930354,Butibori ,Maharashtra ,Butibori ,
Yours Salon (Jodhpur ),8700809242,Chb,Rajasthan ,Jodhpur ,
Sara Makeover  (Nagpur),8700761362,Besa road ,Maharashtra,Nagpur,
Queen Beauty Parlour  (Hissar ),8700553168,Raj guru mkt ,Haryana ,Hissar ,
Javed Havib (Lucknow ),8700488652,Ansal city ,Up,Lucknow ,
Sensation Unisex Beauty Salon  (Varanasi ),8700370633,Plot no 2 Rashmi Nagar, Lanka varanasi ,Uttar Pradesh,Varanasi ,
Chand Unisex Salon  (Achaljamu),8700134974,Ratu road ,Jharkhand,Achaljamu,
Bubbles Unisex Salon  (Jamshedpur ),8699681746,Sonari market,Jharkhand ,Jamshedpur ,
Cut Wave Unisex Salon  (Achaljamu),8699566521,Bootymore,Jharkhand,Achaljamu,
Aman Makeup  (Other),8699356321,Baryatu,Andaman and Nicobar Islands,Other,
Adorn Salon  (Ranchi),8699257551,Bootymore,Jharkhand,Ranchi,
Celebrino Unisex Salon  (Jodhpur ),8698303765,,Rajsthan ,Jodhpur ,
New Hair Miracle Unisex Salon  (Raipur ),8697346242,Shyamnagar ,Chattisgarh ,Raipur ,
Perfection Everyday Wellness  (Korba),8694800015,Korba palm mall,Chhattisgarh,Korba,
Rose Beauty Parlor  (Raipur ),8690205016,Bhatagao,Chattisgarh ,Raipur ,
The Jawed Habib Saloon  (Bhopal ),8687181856,Lalghati bhopal ,Madhya Pradesh ,Bhopal ,
Lemon Grass  (Durg),8675385437,Durg,Chattisgarh ,Durg,
Beauty Villa Salon (Raipur),8674805220,Tatibandh ,Chhattisgarh,Raipur,
Neha Beuty  (Delhi ),8670386301,Krashn kunj colony 
Laxmi nagar ,Delhi ,Delhi ,
Aaradhya Saloon  (East delhi),8669062613,Laxmi nagar krishan kunj colony,Delhi,East delhi,
Women'S World  (East delhi),8660325480,Bhajanpura gali no 5 c block,Delhi,East delhi,
Beauty Trendz Salon  (Saharanpur ),8656241588,Matho nagar Saharanpur ,Uttar Pradesh,Saharanpur ,
Beauty World  (Nagpur),8650609751,Indira mata nagar,Maharashtra,Nagpur,
Chaitali Unisex Salon  (Nagpur ),8650351335,Godhni Road ,Maharashtra ,Nagpur ,
Rishab Make Over  (Gautam Budh Nagar ),8640069786,Shop No- 31, First Floor, Commercial Tower, Cherry County, GH-05B, Techzone 4, Amrapali Dream Valley, Greater Noida, Uttar Pradesh 201306,Uttar Pradesh ,Gautam Budh Nagar ,
Mat & Max Salon (Noida),8638960760,Cherry County, Greater Noida West Pin- 201301,Uttar Pradesh,Noida,
Attractions Unisex Salon  (Noida),8638444381,Hazipur Village, Sector 104, Noida,Uttar Pradesh,Noida,
Individual Salon For Woman (Noida ),8637319965,JB Complex, Hazipur, Sector 104, Noida, Uttar Pradesh 201304,Uttar Pradesh ,Noida ,
Reflections Salon  (Noida ),8630802714,SHOP 17A/2 FIRST FLOOR, Main Market, above Vision Care, near Apollo Pharmacy, Shramik Kunj, Sector 110, Noida, Uttar Pradesh 201304,Uttar Pradesh ,Noida ,
Hair And Beauty Salon (Noida ),8630588618,Shop No - S1, 2nd Floor, Commercial Complex, ATS ONE HAMLET, Sector 104, Noida, Uttar Pradesh 201304,Uttar Pradesh ,Noida ,
Glamin Unisex Salon  (Lucknow),8630352739,Sahara Mall ,Uttar Pradesh,Lucknow,
Glam In Unisex  (Lucknow ),8630255580,Sahara mall. Sapru marg,Up,Lucknow ,
Aarushi Makeover (Meerut ),8630025157,Rohta Road ,UP,Meerut ,
New Geetanjali Salon  (Modinagar ),8627801519,Modinagar,UP ,Modinagar ,
H2B Salon  (Agra ),8625053962,Kargil Petrol pump Agra,Uttar Pradesh,Agra ,
Ifti Makrover (Chandigarh),8619704646,Sec 44D,Punjab,Chandigarh,
Voila Lb Salon  (Gorakhpur ),8619459020,J.R. tower, 1st floor, rustampur gorakhpur ,Uttar Pradesh ,Gorakhpur ,
Voila Lb Studio  (West Delhi ),8619002961,Hari nagar ,Delhi,West Delhi ,
Voila Lb Studio Salon (Delhi),8617608137,Moti nagar ,Delhi,Delhi,
Glitzi Salon  (Delhi),8617556128,Moti nagar ,Delhi ,Delhi,
Pixy Salon  (Delhi ),8616459364,Moti nagar 
C-80,Delhi ,Delhi ,
S.K Makeover  (Delhi ),8610875154,Moti nagar ,Delhi ,Delhi ,
Nature'S Way Beauty Parlour  (Kanpur ),8604823522,Ashok Nagar,Uttar Pradesh ,Kanpur ,
Shine Makeover  (Lucknow ),8603615080,Vrandavan telibagh ,Up,Lucknow ,
The Clay Smart Salon (Jamshedpur),8602994880,Bagunhatu Chowk,Jharkhand,Jamshedpur,
Esha Makeover By Nisha  (Jamshedpur ),8600055655,Kadma ,Jharkhand ,Jamshedpur ,
Break Free Salon  (Siliguri ),8595736200,Mittal gareen,West Bengal ,Siliguri ,
Jhhb Unisex Salon  (Jamshedpur ),8595712245,Sitngora ,Jharkhand ,Jamshedpur ,
Jawad Habib Hair And Beauty  Kda (Gorakhpur ),8595178727,Mangalam tawar golghar Gorakhpur ,Utter Pradesh ,Gorakhpur ,
Jawad Habib Rove Moti (Noida),8592901153,Opposite Cleo County, Gate No. 3, 
Noida Sec 121,Uttar Pradesh,Noida,
Bebo Beauty Salon  (Noida),8591906806,Gate No 3, Sadbhavna Market, C1, 2nd & 3rd Floor, opp. Cleo County, Garhi Chaukhandi, Sector 121, Noida, Uttar Pradesh 201304,Uttar Pradesh,Noida,
Magic Mirror Beauty Parlour  (Delhi ),8588905114,New friends colony delhi ,Delhi ,Delhi ,
Forever Salon  (Meerut ),8587952003,Shivagi road ,UP,Meerut ,
Sandhya Singh Makeover  (Modinagar ),8587064332,Bhagwan ganj,UP ,Modinagar ,
A S Professional  (Muzaffarnagar ),8586891014,New Mandi ,UP,Muzaffarnagar ,
Shilpa Bp (Hisar),8585954807,Model town ,Haryana,Hisar,
Tcs Beauty Parlour  (Abu),8585052884,Sardarpura ,Rajasthan,Abu,
E3 Mens Salon  (Delhi),8582967073,Tilak nagar ,Delhi ,Delhi,
Choice Parlour  (Delhi ),8580959238,Tilak nagar ,Delhi ,Delhi ,
Eminence Salon  (Delhi),8576543254,New Ashok Nagar Delhi ,Delhi,Delhi,
Uniface Salon  (East delhi),8566982040,Jhilmil,Delhi,East delhi,
Akarshan  Salon (West Delhi ),8560981362,Paharganj ,Delhi ,West Delhi ,
Reflection Beauty Parlour  (Delhi ),8558884915,Swaroop Nagar road 100 futa 
Burari ,Delhi ,Delhi ,
Sk Mackover  (Delhi),8558070698,Moti nagar ,Delhi ,Delhi,
Kritims Cuts Salon (Delhi ),8556990545,Moti nagar ,Delhi ,Delhi ,
Naresh Salon (Delhi ),8556877880,Janakpuri ,Delhi ,Delhi ,
Luca Piattelli (Delhi ),8542888882,Vasundhara Enclave, New Delhi, Delhi, 110096,Delhi,Delhi ,
Star Hair Dresser Unisex Salon  (Noida),8542064831,C 23, C-39, C Block, Sector 15, Noida, Uttar Pradesh 201301,Uttar Pradesh ,Noida,
Masters Salon (Noida ),8533033799,C-39, Sector 15, Basement, Noida,Uttar Pradesh ,Noida ,
Hair Expert Salon (Noida ),8532078308,C-39, C Block, Sector 15, Noida, Uttar Pradesh 201301,Uttar Pradesh ,Noida ,
Grevty Salon  (Delhi ),8529375123,Dwarka mod ,Delhi ,Delhi ,
Laveena Beauty Parlour  (Delhi),8528959791,Dwarka ,Delhi ,Delhi,
Mayank Batra Makeover  (Nagpur),8528130322,Manewada Road ,Maharashtra,Nagpur,
Glam & Glow Makeover  (Ghaziabad ),8528072959,RDC Raj Nagar Ghaziabad ,Uttar Pradesh,Ghaziabad ,
Beauty Short Salon  (Baduriatola),8527683589,Khelgaon ,Jharkhand,Baduriatola,
Hair Master Luxury Salon  (Hr),8527420026,Nit faridabad ,Hr,Hr,
G Glitz And Glam By Aucchika Makeup Artist  (Kanpur ),8512070956,Govind Nagar ,Uttar Pradesh ,Kanpur ,
Fs Luxury Salon  (Nagpur),8510992299,Wardhaman nagar ,Maharashtra,Nagpur,
Super Star Salon (Nagpur ),8506857708,Nara road ,Maharashtra ,Nagpur ,
Nv Salon Moga (Nagpur ),8506819777,Nara road ,Maharashtra ,Nagpur ,
Nv Salon,Moga  (Nagpur),8506069898,Nara road ,Maharashtra,Nagpur,
Kaimzzz Salon Moga  (Jodhpur ),8484068810,Pratap Nagar ,Rajsthan ,Jodhpur ,
Viva Saloon  (Adra),8478882807,Robindro nagar ,West Bengal,Adra,
Divine Salon  (Kolkata ),8477939793,32/1/1a, Ramkrishna Upanibesh, Jadavpur, Kolkata, West Bengal 700092,West Bengal ,Kolkata ,
Sii Bello Salon (Jamshedpur),8477933483,H No.17, B Block Near Water Tower Road, Sonari,Jharkhand,Jamshedpur,
Lemon Lounge  (Kanpur ),8477920263,Swaroop Nagar ,Uttar Pradesh ,Kanpur ,
Yohan  International  (Lucknow ),8476954545,Jai prakash nagar ,Up,Lucknow ,
Yashika The Family Salon  (Lucknow ),8476917521,Jpn nagar ,Up,Lucknow ,
Rimjhim Parlour  (Jammu),8471020169,Jammu ,Jammu and Kashma«r,Jammu,
Neha Beauty Parlour  (Meerut ),8460606369,Rohta Road ,UP,Meerut ,
Beauty World Parlour  (Agra),8459554568,149-A, First Floor, Manas Nagar, Near  sea tv News office,Agra,Uttar Pradesh,Agra,
Firdosh Beauty Zone (Kharar),8459016262,Kharar,Punjab ,Kharar,
Final Touch Unisex Saloon  (Other),8456394660,Ratu road ,Andaman and Nicobar Islands,Other,
S. Beauty Zone  (Kanpur ),8449777898,Shastri Nagar ,Uttar Pradesh ,Kanpur ,
Taruni Beauty Hub  (Lucknow ),8449709084,Vrindavan ,Up,Lucknow ,
Sky Unisex Salon  (Lucknow ),8449111389,Jankipuram extension ,Up,Lucknow ,
Glow & Touch Beauty Parlour  (Allahabad ),8448220575,Preetam Nagar Allahabad ,Uttar Pradesh ,Allahabad ,
Pro Plus Unisex Salon  (New Delhi),8448168666,Safdarjung ,Delhi,New Delhi,
New Hair Look Unisex Salon (Raipur ),8448137430,Devendra nagar ,Chattisgarh ,Raipur ,
Ribboin Unisex Salon (Noida),8448035350,Victory Cross Rd, Sector 143, Noida, Uttar Pradesh 201305,Uttar Pradesh ,Noida,
Neelkanth Cosmetic  (Noida),8448030143,Victory Cross Rd, Sector 143, Noida, Uttar Pradesh 201305,Uttar Pradesh ,Noida,
Exclusive Salon  (Nagpur ),8447653459,Saoner ,Maharashtra ,Nagpur ,
Exquisite Glow  (Kanpur ),8447544948,Harsha nagar ,Uttar Pradesh,Kanpur ,
Crimson Unisex Salon  (Achhnera),8447455551,Adalpura,Uttar Pradesh,Achhnera,
Sizzling Unisex Salon  (Varanasi ),8447355354,Adalpura,Uttar pradesh ,Varanasi ,
Queens Makeover  (Jamshedpur ),8447339103,Product reading ,Jharkhand ,Jamshedpur ,
Sonakshi Beauty Parlour  (Gorakhpur ),8447333667,Medical road bashartpur gorakhpur ,Uttar Pradesh ,Gorakhpur ,
Sonakshi Beauty Parlour (Faridkot) (Kanpur ),8447296185,Kidwai Nagar ,Uttar Pradesh,Kanpur ,
Blueberry Salon (Kanpur ),8447242712,Kidwai Nagar ,Uttar Pradesh ,Kanpur ,
Kreative Kute Salon Moga  (Varanasi ),8447017810,Ranipur ,Uttar Pradesh ,Varanasi ,
Cherry Make Over  (Jodhpur ),8444988666,Sardarpura c road ,Rajsthan ,Jodhpur ,
Firoz Unisex Salon  (Jodhpur),8439377747,Paota ,Rajasthan,Jodhpur,
Makeup Studio Muksar (Lucknow ),8439341611,Aliganj ,Up,Lucknow ,
Mink Makeup Studio  (Delhi ),8439286393,B block shalimar bagh    
Near TATA power house ,Delhi ,Delhi ,
Nikki'S Sparkle Saloon  (Lucknow ),8439134246,Khargapur,Up,Lucknow ,
Nikki Sparkle Saloon  (Jodhpur ),8439020991,Pratap Nagar ,Rajsthan ,Jodhpur ,
Solan Salon (Lucknow ),8437775005,Gomti Nagar ,Up,Lucknow ,
Sumiz Beauty Salon  (Zira),8437379296,Near bus stand, zira ,Punjab,Zira,
R B Ladies Beauty Parlour  (Amritsar),8433399444,Gurbakash nagar ,Punjab,Amritsar,
E3 Unisex Salon  (Raipur ),8433325279,Sundaranagar ,Chattisgarh ,Raipur ,
Blond Salon  (Raipur),8433126019,Tatibandh ,Chhattisgarh,Raipur,
Blonde Salon  (Raipur ),8427844300,Devendranagar ,Chattisgarh ,Raipur ,
Vcm Studio (Other),8427842717,Ramgarh ,Andaman and Nicobar Islands,Other,
Eve'S Parlour  (Bangalore),8427629706,Btm layout ,Karnataka,Bangalore,
Bridal Makeup  (Moradabad),8423040212,demo booked ,Uttar Pradesh,Moradabad,
The Prefect Image (Abhayapuri),8421100630,Arunachal, silchar ,Assam,Abhayapuri,
Sameer Salon  (Kiccha),8411099994,,Uttrakhand ,Kiccha,
Rosy Beauty Salon  (Raipur ),8400280007,Kota,Chattisgarh ,Raipur ,
Goddess Beauty Parlour  (Raipur ),8400248010,Avanti vihar,Chattisgarh ,Raipur ,
Siya Makeover  (Nagpur ),8400220251,Gandhi Nagar ,Maharashtra ,Nagpur ,
Fair Beauty Parlour  (Nagpur ),8400089067,Pratap Nagar ,Maharashtra ,Nagpur ,
Ridhi Beauty Parlour  (Jodhpur ),8393924131,Pratap Nagar ,Rajsthan ,Jodhpur ,
Women S Care Beauty Parlour  (Kolkata ),8391008880,18/, 1, Baghajatin Station Rd, SPD Block, Ajanta Park, Baghajatin Colony, Kolkata, West Bengal 700086,West Bengal ,Kolkata ,
M S Vip (Hugli),8390407662,bibi strit vadrakali hugli,West Bengal,Hugli,
Krishna Beauty Point  (Kolkata ),8388915242,FC-108, FC Block, Sector 3, Bidhannagar, Kolkata, West Bengal 700106,West Bengal ,Kolkata ,
Geetanjali Salon  (Ambikapur),8384953412,City,Chhattisgarh,Ambikapur,
R K Geetanjali  (Meerut),8384008922,Madhavpuram ,Uttar Pradesh,Meerut,
Dr. Geetanjali  (Achhnera),8383930260,Shubhash chowk ,Uttar Pradesh,Achhnera,
Bristiz Beauty Saloon  (Meerut ),8383886605,Modipuram ,UP,Meerut ,
Jyoti Makeover Beauty Saloon (Kanpur ),8383846955,Swaroop Nagar ,Uttar Pradesh ,Kanpur ,
Glamour Villa (Kanpur ),8383078640,Kidwai Nagar ,Uttar Pradesh ,Kanpur ,
Sandhira Beauty Salon  (Kanpur ),8381836031,Civil lines ,Uttar Pradesh ,Kanpur ,
Women'S Spot (Jodhpur ),8380861431,Ratnada airforce order collect ,Rajasthan ,Jodhpur ,
Mr@Mrs Salon  (Jodhpur ),8377979794,Chb baba Randev mandir,Rajsthan ,Jodhpur ,
Sunshine Beauty Saloon  (Kanpur ),8377921691,Gumti 5,Uttar Pradesh ,Kanpur ,
Nk Beauty Salon  (Lucknow ),8377853677,MiraBai marg,Up,Lucknow ,
Nulooks Unisex Salon (Kolkata ),8375065147,GD-347, near Mother Teresa Island, Sector 3, Bidhannagar, Kolkata, West Bengal 700106,West Bengal ,Kolkata ,
Aashi Salon (Kanpur),8373911611,Mall road ,Uttar Pradesh,Kanpur,
Angel Touch Unisex Salon  (Rampur),8368483200,rampur ,Uttar Pradesh,Rampur,
Nadiya Beauty Parlour  (Meerut ),8368206488,RTO road ,UP ,Meerut ,
Grace Salon  Fzr (Bangalore),8368076943,Anjanapura ,Karnataka,Bangalore,
(New Grace Salon Firozpur Cantt ) (Delhi ),8360929106,Vikas puri ,Delhi ,Delhi ,
Bachelor Unisex Salon  (Delhi ),8360652134,M block vikaspuri ,Delhi ,Delhi ,
He&She Unisex Salon  (Delhi ),8360514826,Vikas puri ,Delhi ,Delhi ,
Glomour Studio  (West Delhi ),8360147824,Vikas puri ,Delhi,West Delhi ,
Head Creation Unisex Salon  (Kharar),8360062418,Kurali,Kharar,Kharar,
Radha Lbp  (Jammu),8357998333,Jammu,Jammu and Kashma«r,Jammu,
Invogue Salon (Kolkata ),8355093093,83, Airport, Motilal Colony, Rajbari, Dum Dum, Kolkata, West Bengal 700028,West Bengal ,Kolkata ,
Saanvi Makeover  (Kolkata ),8354991799,42/1C, Sarat Bose Rd, Chakraberia, Rafiganj, Kolkata, West Bengal 700020,West Bengal ,Kolkata ,
Purple Salon (Hisar),8350017435,Rajguru mkt ,Haryana,Hisar,
Dollup By Dolly (Bareilly),8348273525,Bada bajar,Uttar Pradesh,Bareilly,
Aura Salon (Gorakhpur),8348210433,Gandhi market main market basti ,Uttar Pradesh,Gorakhpur,
Perfect Cut Salon  (Meerut),8348210400,Sadar bazar ,Uttar Pradesh,Meerut,
Scissor Cut Salon (Faridkot) Rajata Sir (Meerut ),8348210111,Sadar bazar ,UP,Meerut ,
Oasis Of Beauty  (Roorkee ),8336011742,Subhash nagar panniya road ,Uk,Roorkee ,
Gorgeous Salon (Lucknow ),8329221543,Aliganj ,Up,Lucknow ,
Magical Trishika Beauty & Academy  (Varanasi ),8327236657,Kirahiya Polish chauki ke paas Khojwan Road
Varanasi ,Uttar Pradesh,Varanasi ,
Loreat Unisex Salon  (Jaunpur ),8319647242,Jaunpur ,Uttar Pradesh ,Jaunpur ,
Makeover By Sonali (Lucknow ),8319456195,Gomtinagar vivek khand ,Up,Lucknow ,
Tanishqa Beauty Parlor  (Lucknow ),8318823830,Gomtinagar mithai wala ,Up,Lucknow ,
Shine Salon (Varanasi ),8318789854,L 6/13-4-3k
Uma prem netralay 
Chitaipur,Uttar Pradesh,Varanasi ,
Tulika 'S Salon  (Kanpur ),8318736320,Vikas nagar ,Uttar Pradesh,Kanpur ,
Rd Brother Salon (Kanpur ),8318717398,Vikas nagar ,Uttar Pradesh ,Kanpur ,
Rd Brother  (Coimbatore ),8318567895,Ganapathi,Tamilnadu ,Coimbatore ,
Beauty N Bows Unisex Salon  (Ludhiana ),8318157444,Mundiya khalan gtb nagar,Punjab,Ludhiana ,
Hair House Unisex Salon  (Taran tarn ),8317368681,Near bus stand ,Punjab ,Taran tarn ,
The Dazzle Salon (Tarn Taran),8310431080,Near bus stand,Punjab,Tarn Taran,
The Dazzle Salon  (Bhubaneswar ),8307754244,Baranga bbsr,Odisha ,Bhubaneswar ,
Makeup Mysteries  (Raipur ),8303717529,Lalpur,maruti heritage ,near colours mall.,Chattisgarh ,Raipur ,
Blessing Salon  (Raipur ),8303634151,Shantinagar ,Chattisgarh ,Raipur ,
Blessings Unisex Salon  (Bangalore ),8303021767,Ullal,Karnataka ,Bangalore ,
Hair Lounge Unisex Salon  (Bangalore),8299854974,JP nagar chunchghatta ,Karnataka,Bangalore,
Meenal Beauty Parlour  (Abhepur),8299661551,Sec 17,Haryana,Abhepur,
Lucury Lbp (Jamshedpur ),8299559205,Sakchi sitngora ,Jharkhand ,Jamshedpur ,
Bridal House Makeup Studio  (Moradabad),8299529307,lajpat nagar,Uttar Pradesh,Moradabad,
Noor Makeover  (Jalandhar ),8299517689,Model town ,Punjab ,Jalandhar ,
Simmi B P (Gorakhpur),8299122690,Near ambedkar park taramandal Gorakhpur ,Uttar Pradesh,Gorakhpur,
Vlcc Salon Haldwani  (Kanpur ),8299027870,Barra baypass ,Uttar Pradesh ,Kanpur ,
Elevate Unisex Salon  (Varanasi ),8290385397,Awaleshpur, Chunar Road,(UCO Bank)Varanasi ,Uttar Pradesh,Varanasi ,
Njs Salon (Kanpur ),8290385396,Bada chaura ,Uttar Pradesh ,Kanpur ,
Golden Ray'S Make Over  (Jodhpur ),8288855592,Paota jodhpur ,Rajsthan ,Jodhpur ,
Rinpy Makeover  (Nagpur),8287990786,Gorewada road ,Maharashtra,Nagpur,
Pari Makeup Studio  (Nagpur),8287907981,Friends colony ,Maharashtra,Nagpur,
Akarshan Beauty Parlour  (Nagpur ),8287863290,Friends colony ,Maharashtra ,Nagpur ,
Trendz Salon (Noida),8287816524,Hazipur Village Sector 104, Noida ,Uttar Pradesh,Noida,
Anm Unisex Salon  (Noida),8287564210,Hazipur Sec 104, Noida,Uttar Pradesh ,Noida,
Venus N Mars Unisex Salon (Noida),8287453400,first floor, Kirti Maan plaza, Shop No -7, near by NMC hospital, E Block, Sector 30, Noida,Uttar Pradesh,Noida,
Venus N Mars Unisex Salon  (Kashipur ),8287334761,Avas vikas Kashipur ,Uttrakhand ,Kashipur ,
Aan Luxury Studio (Rudrapur ),8287313399,rudrapur,uttarakhand ,Rudrapur ,
Golden Looks Unisex Salon  (Kashipur ),8287234410,Prakash city road Kashipur ,Uttrakhand ,Kashipur ,
Golden Look  (Mumbai),8287066595,Vasai East ,Maharashtra,Mumbai,
Golden Looks  (Raipur ),8284851016,Mova,Chattisgarh ,Raipur ,
Pooja Makeup Studio  (Kolkata ),8283838812,76 B, New Alipore Rd, Mani Aangan, Block E, New Alipore, Kolkata, West Bengal 700053,West Bengal ,Kolkata ,
Sanidhya N Co  (Kanpur ),8283098080,Govind Nagar ,Uttar Pradesh ,Kanpur ,
Women Hut  (Kanpur ),8282806448,Govind Nagar ,Uttar Pradesh,Kanpur ,
Veena Beauty Point  (Coimbatore ),8279813458,Sithapudur , Gandhipuram ,Tamilnadu ,Coimbatore ,
Kalon  Unisex Salon  (Coimbatore ),8279710889,Ganapathi ,Tamilnadu ,Coimbatore ,
Reva Puri Makeup Artist  (Nagpur),8279373765,Dattawadi ,Maharashtra,Nagpur,
Surbhi Makeover  (Nagpur ),8271150154,Khaparkheda ,Maharashtra ,Nagpur ,
Sky Looks Unisex Salon  (Jamshedpur ),8266957642,Sonari market ,Jharkhand ,Jamshedpur ,
Hk Makeover  (Jodhpur ),8265931033,Sardarpura d road,Rajsthan ,Jodhpur ,
H K Makeover & Academy  (Jodhpur ),8265889193,Kudi Chb Jodhpur ,Rajasthan ,Jodhpur ,
Big Boss Unisex Salon (Jodhpur ),8264900985,Ratnada ,Rajsthan ,Jodhpur ,
Glamour World  (Achaljamu),8264637609,Nagri chok ,Jharkhand,Achaljamu,
Shrighar Studio  (Diglipur),8256266786,Latma,Andaman and Nicobar Islands,Diglipur,
Apex Spa Salon  (Nagpur ),8251834560,Koradi ,Maharashtra ,Nagpur ,
Xclusive Beauty Solutions  (Bilaspur ),8250882466,Nagar nigam chowk,maharana pratap chowk, bilaspur ,Chattisgarh ,Bilaspur ,
Style N Looks Salon  (Meerut ),8249532881,RTO road ,UP ,Meerut ,
Royal Makeover  (Moradabad),8249173075,naveen nagar ,Uttar Pradesh,Moradabad,
Harpreet Bp (Lucknow),8240404259,Dalibagh,Uttar Pradesh,Lucknow,
Scissor Art Salon (Jodhpur),8235415709,Madore Jodhpur ,Rajasthan,Jodhpur,
The Hair Trand Profesional Saloon  (Jodhpur),8227882117,Ratnada ,Rajasthan,Jodhpur,
Prerna Beauty Point  (Abu),8227312513,Abu road ,Rajasthan,Abu,
Meerut Charms Salon  (Jodhpur),8226565328,Paota ,Rajasthan,Jodhpur,
Mojo Unisex Salon  (Jodhpur ),8219746504,Chb,Rajasthan ,Jodhpur ,
Sapna'S Salon (Lucknow ),8219724044,Lal kurti telibagh ,Up,Lucknow ,
Vr Makeup Studio  (Maldah),8219420085,Malda,West Bengal,Maldah,
Budget Cosmetic  (Bangalore),8218963543,Kaggalipura ,Karnataka,Bangalore,
Get Gorgeous Salon  (Jamshedpur ),8218593055,Mango dimna road ,Jharkhand ,Jamshedpur ,
Looks Hair And Beauty Saloon  (Amritsar),8218529883,Gurbakash nagar,Punjab,Amritsar,
Looks Saloon  (Kapurthala ),8218319152,Kapurthala ,Punjab ,Kapurthala ,
Garima Mohnani Unisex Salon  (Nawashehar ),8210842687,BUS STAND NAWANSHAHR ,Punjab,Nawashehar ,
Flawless Force Beauty Saloon  (Kapurthala ),8210657595,,Punjab ,Kapurthala ,
Glorious Salon  (Amritsar),8210308736,100 ft road,Punjab,Amritsar,
Irfan Family Salon  (Amritsar),8209955155,100 ft road,Punjab,Amritsar,
The Beauty Spot (Amritsar ),8209834771,100 ft road,Punjab ,Amritsar ,
Wisdom Byvsimran (Kanpur ),8209558507,Vikas nagar ,Uttar Pradesh ,Kanpur ,
Hair Pose Unisex Salon  (Jodhpur ),8208659526,Chb,Rajasthan ,Jodhpur ,
Elegance Looks Salon  (Kanpur ),8208313741,Awas vikas kalyanpur ,Uttar Pradesh ,Kanpur ,
Red Rose  Unisex Salon  (Lucknow ),8197056380,Dalibagh VIP road ,Up,Lucknow ,
Prerna Makrover (Kashipur),8196999456,,Uttrakhand ,Kashipur,
Jawad Habib Ramdevi (Haldwani ),8196968787,,Uttrakhand ,Haldwani ,
Sister Beauty Salon (Haldwani ),8194983509,,Uttrakhand ,Haldwani ,
Sr Salon By Rehan  (Noida),8194949446,G -24, G Block, Pocket G, Sector 18, Noida, Uttar Pradesh 201309,Uttar Pradesh,Noida,
Kanika Makeover  (Lucknow ),8191021304,IT chouraha ,Up,Lucknow ,
Posh And Polish Unisex Salon  (Jodhpur),8185966612,Banar Jodhpur ,Rajasthan,Jodhpur,
Aa Salon (Jodhpur ),8181810438,Pratap Nagar ,Rajsthan ,Jodhpur ,
Insha Makeover  (Roorkee ),8178967814,Prem mandir road 11 civil lines roorkee ,Uk,Roorkee ,
Reflaction Salon (Meerut ),8178788632,Abulane ,UP,Meerut ,
Head To Heel (Haldwani ),8178768054,,Uttrakhand ,Haldwani ,
Head To Hell (Achhnera),8178005001,Mawana,Uttar Pradesh,Achhnera,
Sim'S  Beauty Parlour  (Mawana ),8175994316,Mawana ,UP,Mawana ,
Ps Salon (Lucknow ),8171866161,Dainik Jagran ,Up,Lucknow ,
Touch Glow Salon Talwandi Sabo (Jodhpur ),8171824844,Ratnada ,Rajasthan ,Jodhpur ,
Riya Beauty Parlour  (Jodhpur ),8171541212,Ratnada,Rajsthan ,Jodhpur ,
Dora Beauty World  (Jodhpur ),8171047421,Sardarpura ,Rajsthan ,Jodhpur ,
Shruvas Makeover  (Jodhpur ),8171026159,Pratap Nagar ,Rajsthan ,Jodhpur ,
Apsara Lbp (Varanasi ),8168715927,Indra Nagar extension Road Chitaipur ,Uttar Pradesh,Varanasi ,
Aroma Saloon (Lucknow ),8156823176,Gomtinagar ,Up,Lucknow ,
Red Carpet  (Maldah),8146996825,Malda,West Bengal,Maldah,
Shree Ji  (Haldwani ),8146906591,Rampur road ,Uttrakhand ,Haldwani ,
Femina Flaunt Studio Salon (Meerut ),8146055539,Bagpat road ,UP ,Meerut ,
Anvi Beauty Parlour  (Agra),8146001838,Fayal Bagh ,Uttar Pradesh,Agra,
Dream Looks (Adra),8141804336,Iskcon road,West Bengal,Adra,
Ishika S  (Agra),8134999510,Kamal kunj,Dr.maria road, Pachimpuri, sikandra agra,Uttar Pradesh,Agra,
Real Beauty Parlour  (Agra),8130820111,Sastri puram crossing,Uttar Pradesh,Agra,
Stylez Salon  (Ghaziabad ),8130662654,Shalimar Garden Ghaziabad ,Uttar Pradesh,Ghaziabad ,
Shivi Makeover Beauty Salon  (East delhi),8130408848,Mayur vihar aacharya niketan,Delhi,East delhi,
Deepali Makeover  (Noida),8130385786,Indirapuram, Ghaziabad ,Uttar Pradesh,Noida,
Touch & Glow Hair & Beauty Saloon  (Kolkata ),8130339930,Plot No - 115, 1st Cross Rd, near Induslnd Bank, FC Block, Sector 3, Bidhannagar, Oppside, Kolkata, West Bengal 700106,West Bengal ,Kolkata ,
Ria'S  (Jodhpur),8130209926,Chb2 ,Rajasthan,Jodhpur,
Inventive Enrich Salon (Jodhpur ),8127884288,Paota,Rajasthan ,Jodhpur ,
Dreams Salon  (Jodhpur),8127882488,Sardarpura ,Rajasthan,Jodhpur,
Rajan Royal Villa Salon (Kanpur ),8127430535,Govind Nagar ,Uttar Pradesh ,Kanpur ,
Aral Saloon (Bangalore),8127385580,Kumar Swamy layout ,Karnataka,Bangalore,
Paradise Bridal Studio  (chandan nagar),8126993146,sibtala chandan nagar,hugley,chandan nagar,
Studio 11 (Jammu),8120992914,Gandhi Nagar jammu,Jammu and Kashmir,Jammu,
Dipali Makeover  (Modinagar ),8117859106,Niwadi Rord Modinagar ,UP,Modinagar ,
Makeup Hub  (Modinagar ),8115996456,Niwadi Rord ,UP ,Modinagar ,
Sakshi G Makeup Studio  (Kanpur ),8115799481,Ratan lal nagar ,Uttar Pradesh ,Kanpur ,
Cutipeie Studio  (Bangalore),8115635420,Btm layout ,Karnataka,Bangalore,
Amritsar Salon (Bhilwara ),8115635221,Vyas colony bhilwara ,Rajsthan ,Bhilwara ,
Amrit Salon (Jodhpur),8112909525,Chb kudi,Rajasthan,Jodhpur,
Hair Extensions  (Kanpur ),8108087169,Govind Nagar ,Uttar Pradesh,Kanpur ,
Honey & Herb Unisex Salon (Nagpur),8107332800,Wardhman nagar ,Maharashtra,Nagpur,
Hair Mafia Salon  (Varanasi ),8107105087,Basahi,Uttar Pradesh ,Varanasi ,
Royal Look Salon  (Allahabad ),8102301917,Naini ,Uttar Pradesh ,Allahabad ,
Anas Unisex Salon  (Bangalore),8101269051,Kattriguppe ,Karnataka,Bangalore,
Honey Beauty Salon  (Delhi),8100813989,Ground Floor, B 1269, opp. metro pillar no. 155, Block B, Ashok Nagar Extension, New Ashok Nagar, New Delhi, Delhi, 110096,Delhi ,Delhi,
Honey Beauty Parlour (Noida),8100506009,Ground Floor, B 1269, opp. metro pillar no. 155, Block B, Ashok Nagar Extension, New Ashok Nagar, New Delhi, Delhi, 110096,Uttar Pradesh,Noida,
He And She Unisex Salon  (Noida),8094112283,Shop No. 6, Plot No RN22, Block-B, Market, behind Mithaas, Rasoolpur Nawada, Industrial Area, Sector 62, Noida, Uttar Pradesh 201309,Uttar Pradesh,Noida,
Classic Curl Makeover  (Noida),8093161467,Shop No. 6, Block-B, Market, behind Mithaas, Sector 62,Uttar Pradesh,Noida,
Oxygen Unisex Salon (Delhi),8090664523,West Petal nagar ,Delhi,Delhi,
Salon 7  (Delhi ),8090388627,Uttam Nagar ,Delhi ,Delhi ,
Mirror Salon  (Delhi ),8090374378,Uttam Nagar ,Delhi ,Delhi ,
Manik Salon (Delhi),8090262648,Moti nagar ,Delhi,Delhi,
Styel Zone Unisex Salone  (Delhi),8090016909,Moti nagar ,Delhi ,Delhi,
Nandani B P  (Delhi),8089832050,Moti nagar ,Delhi ,Delhi,
Khushi Makeover  (Delhi),8089480751,Moti nagar ,Delhi ,Delhi,
Looks Men'S Salon (Delhi ),8087898081,Moti nagar ,Delhi ,Delhi ,
Amaya Makeover  (West Delhi ),8087816324,Moti nagar ,Delhi ,West Delhi ,
Face Stories By Shruti  (Delhi ),8087783185,Dwarka ,Delhi ,Delhi ,
Face Storie By Shruti  (Delhi ),8086797266,Mahavir enclave ,Delhi ,Delhi ,
Aashi 'Z Makeover  (Jalandhar ),8082345890,Model town jalandhar ,Punjab ,Jalandhar ,
Akarshan Makeup Beauty Lounge  (West Delhi ),8081492952,Wz-49,opp. DG2,Budhela vikas Puri ,delhi,Delhi ,West Delhi ,
Nishi Makeover  (Shiliguri),8081008454,City mall,West Bengal,Shiliguri,
Ishrar Salon & Accademy  (Delhi ),8080007474,Ashok nagar ,Delhi ,Delhi ,
Natural Beauty Parlour  (Varanasi ),8077406902,Rathyatra ,Uttar Pradesh ,Varanasi ,
Moi Makeup Studio  (Deoria ),8077378927,Anjali collection 1st floor raghav nagar Deoria ,Uttar Pradesh ,Deoria ,
U.S.L Hair & Skin Family Salon  (Lucknow ),8077310387,Gomti Nagar ,Up,Lucknow ,
Sish Beauty  (Achaljamu),8076955596,Ratu,Jharkhand,Achaljamu,
Gelete Salon (Other),8076902722,Kathitand,Andaman and Nicobar Islands,Other,
Barber Point  (Silchar),8076828178,Ranghirkari, silchar ,Assam,Silchar,
Hair Affair  (Jodhpur),8076729777,Chb kudi,Rajasthan,Jodhpur,
Shivani Beauty Parlour  (Kanpur ),8076699828,Ratan lal nagar ,Uttar Pradesh ,Kanpur ,
Pv Cuts Salon (Kanpur ),8076606013,Ratan lal nagar ,Uttar Pradesh ,Kanpur ,
Smart Look Salon (Amritsar ),8076554520,Ut markit ,Punjab ,Amritsar ,
Tannisha Makeover  (Ludhiana ),8076468388,1st branch j block brs nagar ldh ,Punjab ,Ludhiana ,
Shubh Salon  (Diglipur),8076173362,Sec 38,Andaman and Nicobar Islands,Diglipur,
Waves Makeover  (Jalalabad),8076129719,Mani bazar, Jalalabad ,Punjab,Jalalabad,
My Makeup Studio  (Jalalabad ),8076129710,near Jiwan Jyoti College, Baghe Ke Uttar, Punjab 152024,Punjab,Jalalabad ,
R Fourt Salon (Jalalabad ),8062679635,near Jiwan Jyoti College, Baghe Ke Uttar, Punjab 152024,Punjab,Jalalabad ,
The Mirror Magic Salon (Jalalabad),8058981313,Mani bazar, Jalalabad ,Punjab,Jalalabad,
Sujata Ladies Beauty Parlour  (Jalalabad ),8057964592,J734+QR8 Jass Lehnga House, Sri Muktsar Sahib, Jalalabad,,Punjab,Jalalabad ,
Shree Salon  (Amritsar),8057288666,Green Avenue ,Punjab,Amritsar,
Reena Makeover (Amritsar),8055788999,Toot sahib bazar sultanwind road ,Punjab,Amritsar,
Rose Marry  (Amritsar),8054469064,Toot sahib bazar,Punjab,Amritsar,
The Velvet Razar Unisex Salon  (Amritsar ),8054225473,Toot sahib bazar,Punjab ,Amritsar ,
Smooth Touch (Kanpur ),8054004553,GOVIND NAGAR ,Uttar Pradesh,Kanpur ,
Aman Beauty Parlour  (Amritsar),8052250250,Green Avenue ,Punjab,Amritsar,
Aman Salon (Nihal Singh Wala) (Khatuli ),8050280795,Ashoka Market ,UP ,Khatuli ,
Luxe Lounge (Muzaffarnagar ),8050084555,Ashok Market ,UP,Muzaffarnagar ,
Diamond Beauty Salon (Achhnera),8016234091,Shubhash chowk ,Uttar Pradesh,Achhnera,
Black Stroke Salon & Acedemy  (Noida),8011139245,Shop No. 20, 7th Avenue, Gaur City 1, Greater Noida West-,Uttar Pradesh,Noida,
Hai Madness Salon (Delhi),8010204024,Petal Nagar ,Delhi ,Delhi,
Sonu Salon (Delhi ),8010000444,West Petal nagar ,Delhi ,Delhi ,
Divine Beauty Expert (East delhi),8007928602,Vivek vihar,Delhi,East delhi,
Cut N Looks Unisex Salon  (Muzaffarnagar),8007776032,Khatuli ,Uttar Pradesh,Muzaffarnagar,
Heaven Millionaire Unisex Salon  (West Delhi ),8006046771,Vikas puri,Delhi ,West Delhi ,
Neha Makeover Salon  (East delhi),8003714342,Balbir nagar shahdara,Delhi,East delhi,
Angels Salon  (South Delhi ),7999719536,Lajpat Nagar 2, South Delhi ,Delhi ,South Delhi ,
Mirror Scissors Salon  (East delhi),7996645566,Kabool nagar shahdara,Delhi,East delhi,
Grand Lux Salon (East delhi),7992383905,Krishna nagar,Delhi,East delhi,
The Head Master Unisex Salon Sharik  (Noida),7992200358,GF- 06, VVIP High Street Market, Gaur City 2, Greater Noida, Ghaziabad, Uttar Pradesh 201318,Uttar Pradesh,Noida,
Meenu Makeover Studio  (Noida),7991424320,GF- 06, VVIP High Street Market, Gaur City 2, Greater Noida West ,Uttar Pradesh,Noida,
The Beauty Zone  (Delhi),7988379750,Dwarka ,Delhi ,Delhi,
Pearl Unisex Salon  (Noida),7987881061,Supertech Eco Village , Busarakh Greater Noida West 201307,Uttar Pradesh,Noida,
Samer Beauty Bsalon (Delhi ),7987578005,R block dilshad garden ,Delhi ,Delhi ,
Hair Desire Salon (Delhi ),7987576970,1st floor,32 Usha Niketan, Banglow Rd, Kamla Nagar,Delhi-110007
,Delhi ,Delhi ,
Kajal Make Over  (Meerut ),7986959075,Garh road ,UP ,Meerut ,
Women Collection  (Haldwani ),7986783784,,Uttrakhand ,Haldwani ,
Ramrak Salon (Nagpur),7986646704,Jaripatka ,Maharashtra,Nagpur,
Ramrak Salon  (Bangalore ),7986638330,Vajarahalli ,Karnataka ,Bangalore ,
Cut@ Beyond  (Gorakhpur ),7986537401,93k,NH -28, Daudpur gorakhpur ,Uttar Pradesh ,Gorakhpur ,
Beauty Trends  (Delhi),7986424325,Moti nagar ,Delhi ,Delhi,
Yes Glam Unisex Salon  (Delhi),7986262364,Petal Nagar ,Delhi ,Delhi,
Total Care Luxe Salon (Delhi ),7986128100,Moti nagar ,Delhi ,Delhi ,
Asmi Makeup Studio (South Delhi ),7985945863,Green park main market, Delhi South, Safdarjung. ,Delhi ,South Delhi ,
Asmi Makeover (Delhi ),7985938181,775 1st floor 
100 futa road Sant nagar burari ,Delhi ,Delhi ,
Boujee Unisex Salon  (New Delhi),7983024596,Khirki extn,Delhi,New Delhi,
La Mode Unisex Salon  (Delhi ),7982861106,Uttam Nagar ,Delhi ,Delhi ,
Aftab Unisex Salon  (West Delhi ),7982816349,Uttam Nagar ,Delhi ,West Delhi ,
Mamta Makeover (East delhi),7982780919,Bhajanpura gali no 5 c block,Delhi,East delhi,
K Star Salon (Delhi ),7982712040,Paschim vihar ,Delhi ,Delhi ,
K-Star Salon (Amritsar ),7982542891,Namak mandi,Punjab ,Amritsar ,
Fh-17 Unisex Salon  (Zirakpur ),7982385256,Vip road ,Punjab ,Zirakpur ,
Rainbow Unisex Salon  (Mudki),7982331152,Mane bazar, mudki,Punjab,Mudki,
Abier Makeup Studio  (Chandigarh),7982324864,Sec 41,Punjab,Chandigarh,
Ozone Plus Unisex Salon  (Varanasi ),7980232476,Fhulwariya Mayur Bihar Colony, Varanasi ,Uttar Pradesh ,Varanasi ,
Vedika Makeover  (Basti ),7980033087,Railway station road basti ,Uttar Pradesh ,Basti ,
Alfa Beauty Parlour  (Lucknow ),7977299495,Jankipuram ,Up,Lucknow ,
Monika Beauty Point  (Varanasi ),7976523416,B38/47K-4 tulsipur 
Near Maheshwari bhawan
Mahmoorganj, varanasi,Uttar Pradesh,Varanasi ,
Divine Beauty Point  (Varanasi ),7976424860,Mahmoorganj ,Uttar Pradesh ,Varanasi ,
Sajzo (Lucknow),7976424820,New Laxman mela park ,Uttar Pradesh,Lucknow,
Sajzo Family Saloon (Lucknow ),7976007143,New Laxman mela park,Up,Lucknow ,
Ms Hair N Beauty  (Lucknow ),7973891813,New Laxman mela park ,Up,Lucknow ,
The Glam House Family Salon (Nagpur ),7973886101,Khaparkheda ,Maharashtra ,Nagpur ,
Makeup Cafe (Kharar),7973827566,New chandigarh ,Kharar,Kharar,
Rush Hair Salon (Amritsar ),7973793895,Ghala mala chonk opp bala ji Mobile,Punjab ,Amritsar ,
S Diva Unisex Salon  (Nagpur),7973727449,Bhim chock,Maharashtra,Nagpur,
Apsara Beauty Salon  (Nagpur ),7973428325,Koradi ,Maharashtra ,Nagpur ,
Harshita Glamour Zone  (Jodhpur),7973023069,Sardarpura ,Rajasthan,Jodhpur,
Daineal Saloon  (Mumbai),7972956025,Dadar West ,Maharashtra,Mumbai,
C 3 Makeover  (Panchkula),7938434363,Peermuchalla ,Haryana,Panchkula,
Snip N Seek Faridkot (Ghaziabad ),7909770707,Surya Nagar Gahziyabad ,Uttar Pradesh,Ghaziabad ,
 Snip N Seek Faridkot (South Delhi ),7908841846,Green park main market, Delhi South, Safdarjung. ,Delhi ,South Delhi ,
Royal Beauty Parlour  (Ghaziabad ),7908284167,Shiddharth vihar Ghaziabad ,Uttar Pradesh,Ghaziabad ,
Rose Makeover  (Delhi ),7906944997,B block -1040 janhagirpuri 
Delhi 33 ,Delhi ,Delhi ,
Poojas Makeover  (Noida),7906931680,Basement b, block market road, RN 41, behind fortis hospital, Rasoolpur Nawada, Industrial Area, Sector 62, Noida, Uttar Pradesh 201309,Uttar Pradesh,Noida,
Tejal Beauty Parlour  (Noida),7906862771,Shop No.03,GF, IMPERIAL ARCADE, Jaypee Wish Town, Sector 128, Noida, Uttar Pradesh 201304,Uttar Pradesh ,Noida,
Rose Petals (Delhi),7906805179,RZ-B -6 1st Floor Rajmandir , Above Titan Eymahavir  enclave, ,Delhi,Delhi,
Pawan Looks Salon (Noida),7906726201,Central Mall, Sec 120, Noida,Uttar Pradesh,Noida,
Pooja Fashonic Studio  (Jodhpur),7905954108,Lal sagar Jodhpur ,Rajasthan,Jodhpur,
Trends Beauty Salon  (Varanasi ),7905939590,Near Gyandeep School Chitaipur Varanasi ,Uttar Pradesh,Varanasi ,
Golden Touch Beauty Parlour And Academy  (Kolkata ),7905853998,Hall, 1/16, Netaji Subhash Chandra Bose Rd, near Malancha Cinema, Regent Colony, Tollygunge, Kolkata, West Bengal 700040,West Bengal ,Kolkata ,
Instyle Salon  (Gurdaspur ),7905763300,Hanuman chonk ,Punjab ,Gurdaspur ,
Tanupreet Kaur (Hisar),7905727328,Shashtri nagar ,Haryana,Hisar,
The Princess Beauty Parlour  (Achhnera),7905678789,Mahmoorganj ,Uttar Pradesh,Achhnera,
The Glamourra Unisex Salon  (Varanasi ),7905603923,Lanka ,Uttar Pradesh ,Varanasi ,
28Degree Unisex Salon  (Delhi ),7905524213,Paschim vihar ,Delhi ,Delhi ,
Revive Salon & Academy  (Jamshedpur ),7905491711,Sitngora ,Jharkhand ,Jamshedpur ,
The Looks  (Nagpur ),7905484437,Manewada ,Maharashtra ,Nagpur ,
Charm Art9 Studio  (Nagpur ),7905464484,Manewada Road ,Maharashtra ,Nagpur ,
Anjali Makeover (Nagpur ),7905421134,Manewada Road ,Maharashtra ,Nagpur ,
Glam Studios Rajender Nagar Gahziyabad  (Sultanpur ),7905335994,,Punjab,Sultanpur ,
Unique Unisex Salon (Amritsar ),7905295818,Near d mart,Punjab ,Amritsar ,
God Of Grace  (Delhi ),7905111120,Moti nagar ,Delhi ,Delhi ,
God & Grace Makeover  (Noida),7903387538,First Floor, COMMERCIAL BLOCK, Shop No. 14 & 15, Sector 78, Noida, Uttar Pradesh 201304,Uttar Pradesh ,Noida,
God And Grace  (Noida),7903370386,Shop Nob 14, Block 1 Ganga Shopping Complex, Samarkand, Sector 29, Noida,Uttar Pradesh,Noida,
Be  U Luxe Unisex Salon  (Delhi ),7903093812,C88 shalimar Park Delhi 53,Delhi ,Delhi ,
Lux Salon (Gurgaon),7900420069,H.no 723 Saraswati vihar opp electricity board near m.g road gurgaon -12002,Haryana,Gurgaon,
Nisha Juliate  (Delhi ),7899871869,Hari nagar ,Delhi ,Delhi ,
Awesome Beauty Parluor  (West Delhi ),7899386995,Hari nagar ,Delhi,West Delhi ,
Alka Beauty Parlour  (North delhi),7898674532,Shalimar bagh,Delhi,North delhi,
Iba Salon (Delhi ),7898637383,Sant Nagar chowk main 100 futa road ,Delhi ,Delhi ,
Dream Touch Salon (Delhi ),7897722444,Jawahar Nagar , kamla Nagar ,Delhi ,Delhi ,
Acme Unisex Salon  (East delhi),7897491207,Vishwas nagar,Udelhi,East delhi,
Pooja Herbal Palour  (Noida),7897467950,Shop Number 12, LOTUS BOULEVARD, Lotus Boulevard, Sector 100, Noida, Uttar Pradesh 201301,Uttar Pradesh ,Noida,
Herbal Ambience  (Noida),7896327489,Shop Number 12, LOTUS BOULEVARD, Lotus Boulevard, Sector 100, Noida, Uttar Pradesh 201301,Uttar Pradesh ,Noida,
Neel Davids Salon (Noida),7895895301,Lotus Volevourd, Sec 100, Noida,Uttar Pradesh ,Noida,
Mukesh Unisex Salon  (Delhi),7895641209,Moti nagar ,Delhi ,Delhi,
Priya Makeover (Delhi ),7895356586,Dashrath Puri metro station 
Nearby Rajmandir ,Delhi ,Delhi ,
Glam Studios Unisex Salon  (Delhi ),7892749094,Main road Sant nagar ,Shop no 990,Delhi ,Delhi ,
Queen Beauty Academy  (Noida ),7892503495,B Block Market, Sec 15, Noida,Uttar Pradesh ,Noida ,
Rahul Groming Salon (West Delhi ),7889972434,Hari nagar ,Delhi,West Delhi ,
Golden Glam (Noida),7889274296,Shop No 4, Divyansh Mart, Gaur City 2, Greater Noida West ,Uttar Pradesh,Noida,
Style 365 Studio Salon (Delhi ),7889218506,Akta inqlab  1st floor above PNB Bank 
Buradi ,Delhi ,Delhi ,
Merecal Beauty Parlour  (Rajkot ),7889159010,Kisan. Para chowk,Gujrat ,Rajkot ,
Hair Mechanic Family Salon  (Kanpur ),7888875686,Naveen market ,Uttar Pradesh ,Kanpur ,
Canvas Makeover  (Kanpur ),7888836290,Lal bangla KDA,Uttar Pradesh ,Kanpur ,
Mascara Beauty Parlour  (Kanpur ),7888825208,Panki ,Uttar Pradesh ,Kanpur ,
Blizzard Salon (Kanpur ),7888786737,Rawatpur reve Moti,Uttar Pradesh,Kanpur ,
Absalout Salon (Gonda ),7888724858,Bus stand road Gonda ,Uttar Pradesh ,Gonda ,
Ash & Guls  Salon (Mumbai),7888520779,Nalasopara west ,Maharashtra,Mumbai,
Eminance Salon (Moradabad),7888475793,buddhi vihar,Uttar Pradesh,Moradabad,
Kviss Salon (Mawana ),7888369526,Hastinapur road ,UP,Mawana ,
Kivss Salon (Other),7888305205,Nagri,Andaman and Nicobar Islands,Other,
Queen Salon , Muktsar  (Jamshedpur ),7880955835,Mango,Jharkhand ,Jamshedpur ,
Karneet Kaur Luxury Salon  (Nagpur ),7880363194,Takli Godhni Road ,Maharashtra ,Nagpur ,
Lakme Beauty Parlour  (Gorakhpur),7877332900,Main market Bahraich ,Uttar Pradesh,Gorakhpur,
Mahi Bridal House  (Varanasi ),7876876712,Pandeypur ,Uttar Pradesh ,Varanasi ,
R J Beauty Parlor  (Noida),7874701911,Hazipur Village Sector 104, Noida ,Uttar Pradesh,Noida,
Enhance Salon  (Noida),7872961003,Hazipur Sec 104, Noida,Uttar Pradesh ,Noida,
Blush Berry Unisex Salon  (Noida ),7872816860,Shop No. 02 Ground Floor, JPS Galleria, Hazipur, Sector 104, Noida, Uttar Pradesh 201301,Uttar Pradesh ,Noida ,
Mg Hair N Beauty Salon (Kolkata ),7870997867,4, Baghajatin Station Rd, SPD Block, Ajanta Park, Baghajatin Colony, Kolkata, West Bengal 700086,West Bengal ,Kolkata ,
Puri Makeover  (Ambikapur),7869999299,Shyamnagar ,Chhattisgarh,Ambikapur,
Mayra Unisex Salon  (Raipur),7869913307,Tatibandh ,Chhattisgarh,Raipur,
Glam Beauty Parlour  (Korba),7869863338,Niharika market ,Chhattisgarh,Korba,
Nu Yu Luxury Salon  (Raipur ),7869830406,Shankarnagar,chaupati,Chattisgarh ,Raipur ,
Nu Yu Unisex Salon (Raipur),7866985532,Ddu nagar,Chhattisgarh,Raipur,
Nu You Unisex Salon  (New Delhi),7860949006,A block safdarjung,Delhi,New Delhi,
Kamalaxmi Lbp (Central Delhi),7860293421,Minto road ,Delhi ,Central Delhi,
Scissors & Co (Delhi ),7859377253,Uttam Nagar ,Delhi ,Delhi ,
New Hair Miracle  (Delhi ),7854016287,Navada ,Delhi ,Delhi ,
 New Hair Miracle Unisex Salon  (West Delhi ),7844693686,Navada ,Delhi ,West Delhi ,
Perl Beauty Point  (West Delhi ),7841998052,Paharganj ,Delhi ,West Delhi ,
Radhey Beauty Parlor  (Mohali),7838995784,Product briefing ,Punjab,Mohali,
Radhey Beauty Point  (Achaljamu),7838480808,Tatisilve ,Jharkhand,Achaljamu,
A-5 Salon (Delhi ),7838434363,Rani Bagh gol chakkar ,Delhi ,Delhi ,
Zara Salon (Lucknow ),7838342985,Gomtinagar extension ,Up,Lucknow ,
Hair Correction Salon  (Meerut),7838162424,Near shoprix Mall ,Uttar Pradesh,Meerut,
Glamour Forever Salon (Meerut ),7838109350,Kanker khera ,UP ,Meerut ,
Maahira Unisex Salon  (Meerut),7838048555,Saket ,Uttar Pradesh,Meerut,
One Touch Salon  (Noida),7837968868,03, Ground Floor A, Shop No, 154, H Block, Sector 63, Noida, Uttar Pradesh 201301,Uttar Pradesh,Noida,
Muskan Beauty Parlour  (Ghaziabad ),7837934512,Raj Nagar Ghaziabad ,Uttar Pradesh,Ghaziabad ,
Simmi Makeover  (Noida),7837840026,Tulip Mall, Sec 46, Noida,Uttar Pradesh,Noida,
Chanks (Jodhpur),7837777127,Lal sagar Jodhpur ,Rajasthan,Jodhpur,
Beauty Care (Delhi ),7837737742,Dashrath Puri ,Delhi ,Delhi ,
Mom'S Daughter Makeover  (Moga),7837642771,Mane bazar , Moga ,Punjab,Moga,
Aradhna Makeover  (Moga),7837469899,Camp market, Moga ,Punjab,Moga,
Good Looks Makeup Studio  (Moga ),7837320102,Camp market, Moga ,Punjab ,Moga ,
Radhika Makeover (Moga),7836005454,Near bus stand, Moga ,Punjab ,Moga,
New Looks Salon (Varanasi ),7829447539,Vasaliganj Sai mandir ke samne Mirzapur ,Uttar Pradesh,Varanasi ,
 New Looks Salon  (Panchkula ),7827803844,Sco 128 sec 20 Panchkula ,Haryana ,Panchkula ,
New Look Salon  (Delhi ),7827754127,Uttam Nagar ,Delhi ,Delhi ,
Unique Beauty Saloon  (Chandigarh ),7827525646,Sec 44,Ut,Chandigarh ,
U Shine Beauty Salon  (Panchkula ),7827483576,Sec 11,Haryana ,Panchkula ,
U Shine Makeover  (Eranakulam ),7827311580,Erappuza commercial complex
I T i jn
Chenganoor ,Kerala ,Eranakulam ,
Sakshi Beauty Saloon  (Other),7827281054,Obrai road,Andaman and Nicobar Islands,Other,
D Glam Studio  (Other),7827233292,Tupudana ,Andaman and Nicobar Islands,Other,
Hair And Care Makeup Studio  (Jamshedpur),7826845629,Vijay Garden Gate No.3, Moharda, Baridih ,Jharkhand,Jamshedpur,
Jawed Habib Hair And Beauty Ratan Lal Nagar  (Other),7825893585,Bit,Andaman and Nicobar Islands,Other,
Belleza Makeup Studio  (Islampur ),7825893583,Islampur,West Bengal ,Islampur ,
Janhvi Beauty Salon (Varanasi ),7819365134,Mahmoorganj ,Uttar Pradesh ,Varanasi ,
Alice Jaid Beauty Salon  (Varanasi ),7817835770,Gangapur Road ,Uttar Pradesh ,Varanasi ,
Tabs 19 Salon  (Varanasi ),7816939586,Near union bank ATM , ITI Road Karoundi , Varanasi - 221005,Uttar Pradesh,Varanasi ,
Mamata Makeover  (Kanpur),7816449275,Ratan lal nagar ,Uttar Pradesh,Kanpur,
Sweety Jaiswal Makeover  (Kanpur ),7814871821,Ratan lal nagar ,Uttar Pradesh ,Kanpur ,
 Shahid By Zone Unisex Salon  (West Delhi ),7814616646,Vikas puri ,Delhi ,West Delhi ,
Shahid Makeover Beauty Salon  (Noida),7814578011,Spectrum Metro Mall,  Phase-1, TOWER-C, LGF-68, Sector 75, Noida, Uttar Pradesh 201301,Uttar Pradesh,Noida,
Gaurikas Salon  (Noida),7814222218,Shop no. 40, Block- 1, Ganga Shopping Complex, Sector 29,Uttar Pradesh,Noida,
Blush Glow  (New Delhi),7813826024,Kirkintilloch extn,Delhi,New Delhi,
Beauty Byee Creative (East Delhi ),7809878090,3 som bazar road south anarkali,Delhi,East Delhi ,
The Royal Queen Makeup Studio Nd Academy  (Delhi ),7807302030,Uttam Nagar ,Delhi ,Delhi ,
Anu Beauty Salon  (Delhi ),7803010057,Uttam Nagar ,Delhi ,Delhi ,
Chandana Beauty Salon  (Noida),7800902605,Central Market, Sec 50, Noida,Uttar Pradesh,Noida,
Afeem Salon (Noida),7800623282,Shop.No.25, Gardenia Aims Glory, Sector 46, Noida, Uttar Pradesh 201301,Uttar Pradesh ,Noida,
Sheasa Salon (Fatehghar churian ),7800373297,Near bus stand,Punjab ,Fatehghar churian ,
Stylin Beauty Saloon  (Faridkot ),7798232282,Old Jail Rd, near Dr. Siri Ram Hospital, Nahikhana, Faridkot, Punjab 151203,Punjab,Faridkot ,
Priya Salon  (FARIDKOT ),7798132335,Mane bazar, Faridkot ,Punjab,FARIDKOT ,
O Zone Unisex Salon Buy Shahid  (FARIDKOT ),7795466084,Mani bazar, near baba fread, Faridkot ,Punjab ,FARIDKOT ,
Sukoon Ladies Salon  (Nawashehar ),7789352616,Bus stand road ,Punjab,Nawashehar ,
Grace Beauty Parlour  (Moga),7784077779,Gali Number 1, New Town, Moga, Punjab 142001,Punjab,Moga,
Marine Claire (Nagpur),7782956372,Manewada Road ,Maharashtra,Nagpur,
Blush And Plush  (Chandigarh),7780952906,Sec 40,Punjab,Chandigarh,
Creative Hair Villa  (Abohar),7775011133,Mani bazar ,Punjab,Abohar,
Skin Care Point (Jodhpur),7774970077,Ratnada ,Rajasthan,Jodhpur,
Skin Care Point  (Varanasi ),7772888171,Nagwa Lanka ,Uttar Pradesh ,Varanasi ,
Harmeet Makeovers  (Varanasi ),7772008970,Lanka,Uttar Pradesh ,Varanasi ,
Harmeet Makeover  (Shimla),7771015122,Solan,Himachal ,Shimla,
Hair Masters Firozpur (Jamshedpur ),7763934447,Sonari market ,Jharkhand ,Jamshedpur ,
The Bella Cut Salon (Maldah),7760410456,I t i more,West Bengal,Maldah,
Admire Salon (Ahmadnagar),7758877581,Jaripatka ,Maharashtra,Ahmadnagar,
Golden Scissors Salon (Bangalore ),7756993334,R R nagar ,Karnataka ,Bangalore ,
Colour Carnival  (Kanpur ),7755801217,Shastri Nagar ,Uttar Pradesh ,Kanpur ,
Surbhi Salon (Modinagar ),7750951220,Niwadi Rord ,UP,Modinagar ,
Toni & Guy Salon (Meerut),7738946169,Sadar bazar ,Uttar Pradesh,Meerut,
Toni & Guy (Meerut ),7737553605,Sadar bazar ,UP,Meerut ,
Luxmi Salon (Meerut ),7737236253,Sadar ,UP,Meerut ,
Bounce Unisex Salon  (Batala),7736295653,Main bazar,Punjab,Batala,
She Salon  (Silchar),7719761696,Central road, silchar ,Assam,Silchar,
Devolment Salon (Guwahati ),7719536868,Pandu store gate ,Assam ,Guwahati ,
Femelly Salon  (Shiliguri),7717545526,Siliguri ,West Bengal,Shiliguri,
Kusumkali Beauty Parlour  (Rampur),7714028412,Rampur,Uttar Pradesh,Rampur,
Transform (Muzaffarnagar ),7713502505,Gandhi colony ,UP ,Muzaffarnagar ,
Apperance  (Meerut ),7711606759,Sadar bazar ,UP,Meerut ,
Rama Salon  (Kashipur ),7710597793,,Uttrakhand ,Kashipur ,
M S Vip Unisex (Meerut ),7709044084,Western road Meerut cant ,U P,Meerut ,
R K Unisex (Hamirpur),7708741294,Vpo Awahdevi district Hamirpur ,Himachal Pradesh,Hamirpur,
Pratimas Salon (Nagpur ),7704040961,Takli Godhni Road ,Maharashtra ,Nagpur ,
 Studeo One Salon  (Jodhpur ),7703877505,Chb,Rajsthan ,Jodhpur ,
Impeccable Unisex Salon  (Jodhpur),7701877879,Lal sagar Jodhpur ,Rajasthan,Jodhpur,
Deepak Salon (Jodhpur),7698885506,Sardarpura ,Rajasthan,Jodhpur,
Hair Raisers Salon  (Jodhpur ),7698384624,Sardarpura ,Rajsthan ,Jodhpur ,
Plaza Salon (Jodhpur ),7696927839,Sardarpura b road,Rajsthan ,Jodhpur ,
Hair Craft Unisex Salon  (Shiliguri),7696532815,Goghomali bazar, Siliguri ,West Bengal,Shiliguri,
Hair Flick (Shiliguri),7696505391,Iskcon road near Bank of india,West Bengal,Shiliguri,
Alisha S Empre Salon  (Shiliguri),7696493751,Pakurtala more,West Bengal,Shiliguri,
Creative Salon (Chandigarh ),7696011280,Sco 67 first floor sec 37c,UT ,Chandigarh ,
Glow And Touch Beauty Salon  (Coimbatore ),7695384751,Krg nagar 7th ,Tamilnadu ,Coimbatore ,
Mansi Chawla Makeover  (Kanpur ),7693688483,P road ,Uttar Pradesh ,Kanpur ,
Muskan Bp (Jodhpur ),7692834528,Sardarpura ,Rajsthan ,Jodhpur ,
The Signature Muse Luxury Salon (Allahabad ),7689560956,Preetam Nagar ,Uttar Pradesh ,Allahabad ,
The Style Zone (Ahmadnagar),7689113254,Jaripatka ,Maharashtra,Ahmadnagar,
Honey And Peaches  (North delhi),7688967096,Shalimarbagh,Delhi,North delhi,
Perfect Cut Salon (Noida),7687905456,Shop No. 6, First Floor, City Plaza, B Block Market, Sector 62, Noida, Uttar Pradesh 201301,Uttar Pradesh,Noida,
Palak Salon (Delhi),7686548321,Tilak nagar ,Delhi ,Delhi,
Posh Salon (Thiruvananthapuram),7683033293,Poovar,Kerala,Thiruvananthapuram,
Jawed Habibs Unisex Salon Raj Nagar  (FIROZEPUR ),7683027219,Malwal Road, opposite Pantajli Store, Phase II, Vikas Colony, Firozpur, Punjab 152002,Punjab,FIROZEPUR ,
Herbal Unisex Salon  (Firozepur ),7682782856,Cantt , Firozpur ,Punjab,Firozepur ,
Shraddha Makeover  (Noida),7679745298,No 3, Shop No-1, Gali, Sec 104, near Sukhdham Residency, Hazipur, Sector 104, Noida, Uttar Pradesh 201304,Uttar Pradesh ,Noida,
Beauty Wellat Makeover  (Central Delhi),7678717654,Minto road ,Delhi ,Central Delhi,
Glow And Grace Beauty Salon  (Delhi ),7678635153,West Petal nagar ,Delhi ,Delhi ,
Glow And Grace  (Noida),7676796974,Shop.No.25, Gardenia Aims Glory, Sector 46, Noida, Uttar Pradesh 201301,Uttar Pradesh,Noida,
28° Degree Unisex Salon  (Delhi),7669955355,West Petal nagar ,Delhi,Delhi,
Hair Ministry Salon (Delhi),7669955353,Petal Nagar ,Delhi ,Delhi,
Craze (chandannagar),7669071755,shyamachran rakshit barbazar chandannagar ,hoogley,chandannagar,
The Beauty Launge (Kolkata ),7669070988,1st floor, 49 C, Purna Das Rd, Golpark, Hindustan Park, Gariahat, Kolkata, West Bengal 700029,West Bengal ,Kolkata ,
Eleve Salon (Delhi ),7668348738,Hari nagar ,Delhi ,Delhi ,
Cut N Style Salon (West Delhi ),7667242386,Hari nagar ,Delhi,West Delhi ,
Orane Acadmy  (Zirakpur ),7665755700,Chandigarh ambala highway,Punjab,Zirakpur ,
Villa Hair Sense Salon (Amritsar ),7657888736,Ghala mala chono near bliss bakery,Punjab ,Amritsar ,
Zara Unisex Salon  (Jodhpur ),7656778844,Paota ,Rajasthan ,Jodhpur ,
Glo Skin Beauty Care (Amritsar),7656453212,100ft road ,Punjab,Amritsar,
Filmistan Salon & Acedemy  (FARIDKOT ),7655825992,Mane bazar, Faridkot ,Punjab,FARIDKOT ,
Elegant Salon  (Amritsar ),7654534231,Jajh nagar near damuhi mandir,Punjab ,Amritsar ,
Deepali Salon (Kapurthala),7646825365,Busstand kapurthala ,Punjab,Kapurthala,
Haap Look Unisex Salon  (Kapurthala ),7637052584,Bus stand kapurthala,Punjab ,Kapurthala ,
The Infinity Unisex  (Kolkata ),7626951020,CJ 26, Ground, CJ Block, Sector II, Bidhannagar, Kolkata, West Bengal 700091,West Bengal ,Kolkata ,
Hai&Art Salonn (Varanasi ),7620342406,Lalpur Road,Uttar Pradesh ,Varanasi ,
Luxe Unisex Salon  (Meerut ),7616469758,Kuti churaha ,UP,Meerut ,
Shikha Makeover Makeup Saloon  (Agra ),7615871989,City Center khandari Agra,Uttar Pradesh,Agra ,
Makeup Studio Saloon & Academy  (Jodhpur),7607890076,Madore Jodhpur ,Rajasthan,Jodhpur,
Seasa Salon (Jodhpur),7607381157,Paota ,Rajasthan,Jodhpur,
Orchid Salon (Rayya),7607325739,Goindwal road ,Punjab ,Rayya,
Zic Unisex Salon  (Kanpur ),7607004581,Kaushal puri ,Uttar Pradesh ,Kanpur ,
Style Beauty Salon  (Amritsar),7597320298,C block Markit ,Punjab,Amritsar,
Prabhu Unisex Salon  (Amritsar ),7589161007,D block markit ,Punjab ,Amritsar ,
La Chic  (Noida),7582818000,Shop no 8, AIIMS GOLF AVENUE, 2, Sector 75, Noida, Uttar Pradesh 201304,Uttar Pradesh,Noida,
Supriya Makeover  (Delhi ),7578932230,Main MKT 
C-5 yamuna vihar ,Delhi ,Delhi ,
7 Om Beauty  (Noida),7578017226,Ganga Shopping Complex, Block 1, Sector 29, Noida PIN- 201301,Uttar Pradesh,Noida,
Nick'S Unisex Salon  (Noida),7575058838,Ganga Shoping Complex,  Sector 29,Uttar Pradesh,Noida,
Nicks Salon  (Noida),7570063333,F-142, Jagatpuri, Krishna Nagar Delhi ,Uttar Pradesh,Noida,
Archana Make Over  (Noida),7568965532,Shop-207, Modi Mall, Town Centre, Sector 25A, Noida, Uttar Pradesh 201301,Uttar Pradesh,Noida,
Aboli Make Over  (Noida),7568282626,Modi Mall, First Floor, opp Stadium, Noida Sec 24,Uttar Pradesh ,Noida,
Awareness  (West Delhi ),7544857393,Vikas puri ,Delhi,West Delhi ,
Blush Beauty  (Bakhtawarpur),7541081467,Godra tower 1 sec-1A . dwarka ,Delhi,Bakhtawarpur,
Vijay Salon (Delhi),7535026110,Godara Tower, Shop No.1 Upper Ground Dwarka sector -,Delhi,Delhi,
Blush Bp (Delhi ),7529071533,Paschim vihar ,Delhi ,Delhi ,
Dusk Salon  (Other),7526954467,Narendra nagar ,Andaman and Nicobar Islands,Other,
Aarti Beauty Parlour  (rishra),7524959919,RISHRA PARK HOOGHLY,hooghly ,rishra,
Disha Lbp  (Modinagar ),7518818888,Modinagar ,UP,Modinagar ,
Blonde  (Kashipur ),7518762006,,Uttrakhand ,Kashipur ,
Maysa Beauty Parlor  (Meerut),7518595093,Gadhi colony ,Uttar Pradesh,Meerut,
Zaira Studio  (Kashipur ),7518178021,,Uttrakhand ,Kashipur ,
Professional Beauty Salon  (Haldwani ),7518021112,,Uttrakhand ,Haldwani ,
Farheen Makeover  (Noida),7510038880,Shop No. 14, Lotus Panache, Sector 110,Uttar Pradesh,Noida,
 Elegance Salon Firozpur City (Noida ),7509291555,Lotus Panache, Sector 110, Noida, Uttar Pradesh,Uttar Pradesh ,Noida ,
Ambrose (Rajkot ),7509276305,,Gujrat ,Rajkot ,
Queens Lounge  (Nagpur),7508551435,Besa road ,Maharashtra,Nagpur,
O7 Salon (Noida),7508333183,LGF- 16, Mahagun Mart, Gaur City 2, 
Greater Noida West,Uttar Pradesh,Noida,
Hair Studio (Delhi ),7508049954,Main sant Nagar chowk burari ,Delhi ,Delhi ,
Am Makeover  (Bazpur ),7505999059,,Uttrakhand ,Bazpur ,
Anuham Beauty Parlour  (Meerut),7505384143,Bhrampuri ,Uttar Pradesh,Meerut,
Raveena Salon (Meerut ),7500915190,Bhrampuri sunaro ki dharam shala ,UP,Meerut ,
Hair King Unisex Salon  (Kashipur ),7500234850,,Uttrakhand ,Kashipur ,
Hair King   (Delhi ),7500155007,Dwarka mod ,Delhi ,Delhi ,
Hair Tec Unisex Aalon (Noida),7489946723,Shop no 3, Chauhan Market, Shahdara, Sector 141, Noida, Uttar Pradesh 201305,Uttar Pradesh,Noida,
Deepa'S Nail & Skin (Noida),7488979068,Shop no 3, Chauhan Market, Shahdara, Sector 141, Noida, Uttar Pradesh 2013058448168666,Uttar Pradesh ,Noida,
Hair Treatment Salon (Bakhtawarpur),7485992125,Lajpat nagr,Delhi,Bakhtawarpur,
Tarun Hair Studio (Delhi ),7459884465,Ramesh Nagar ,Delhi ,Delhi ,
Creative Look Salon  (Delhi ),7459858012,Ramesh nagar ,Delhi ,Delhi ,
Black Head Unisex Salon  (Delhi ),7458919708,Ramesh nagar ,Delhi ,Delhi ,
Samriz Salon (Faridkot) (Noida),7457802522,AWHO Society Market, Greater Noida ,Uttar Pradesh,Noida,
Samriz Salon Faridkot  (Noida),7457484137,Sec 27, Atta Market, Noida,Uttar Pradesh,Noida,
Satyam  (East delhi),7456972796,Dilshad garden,Delhi,East delhi,
Stayam (Noida),7454990338,Shop no18-19, first floor, I block market, Block I, Sector 12, Noida,Uttar Pradesh,Noida,
The Belleriza Salon (Noida ),7454834743,first floor shop no, A2/31, main market, Shramik Kunj, Sector 110, Noida, Uttar Pradesh 201304,Uttar Pradesh ,Noida ,
Hair Matress Salon (Delhi ),7447799122,Above Bank of Baroda,main 100 futa road 
Sant Nagar burari Delhi 84,Delhi ,Delhi ,
Kaya Kalp Beauty Salon  (Delhi ),7439378506,Ramesh Nagar ,Delhi ,Delhi ,
Hair Trimmer Salon (Delhi ),7439242484,Paharganj ,Delhi ,Delhi ,
Jawad Habib Hair And Beauty Rave Moti Mall  (Noida),7428705151,Shop No. 35, 7th Avenue, Gaur City -1, Greater Noida West, 201301,Uttar Pradesh,Noida,
Tha Orchid Salon  (Noida),7428560851,Shop No. 35, 7th Avenue, Gaur City-1, Greater Noida West, Noida,Uttar Pradesh,Noida,
Smart Look Salon  (Noida),7428560005,Gaur City 1, Sector 4, Ghaziabad, Uttar Pradesh 201009,Uttar Pradesh,Noida,
Appinity Unisex Salon  (Delhi),7428455758,Hari nagar ,West Delhi ,Delhi,
Beauty Professional Salon  (West Delhi ),7428406404,Hari nagar ,Delhi,West Delhi ,
Blaze (Faridabad),7428272212,1st floor, Sco 138, Market, Sector 21C,Haryana,Faridabad,
Oxy Wave Salon (Kolkata ),7426098331,17, Baghajatin D Block Rd, SPD Block, Ajanta Park, Baghajatin Colony, Kolkata, West Bengal 700032,West Bengal ,Kolkata ,
Golden Scissors Unisex Salon (Achhnera),7426000751,Rithani ,Uttar Pradesh,Achhnera,
Golden Scissors  (Meerut ),7425942800,Rohta Road ,UP,Meerut ,
Golden Scissors Unisex Salon  (Muzaffarnagar ),7417850030,New Mandi ,UP ,Muzaffarnagar ,
I Beauty Parlour  (Modinagar ),7417424625,Modinagar ,UP,Modinagar ,
Behold Unisex Salon  (Meerut ),7417080109,323/6 Shastri Nagar ,UP,Meerut ,
Glanz Studio (Kharar),7415826751,Kharar ,Punjab ,Kharar,
Glance Studio (Patti),7415345205,Taran tarn road,Punjab ,Patti,
Huda' S Bridal Makeup Studio  (Varanasi ),7413922777,D 59/72_C_1, Opp. Satyam Plaza, Mahmoorganj Road - Varanasi - 221010,Uttar Pradesh,Varanasi ,
Huda' S Bridal Makeover  (Noida),7409485505,Y-58, opposite lal mandir, Block Y, Sector 12, Noida,Uttar Pradesh,Noida,
Crazy Cut Salon  (Meerut),7408633041,Rohta Road ,Uttar Pradesh,Meerut,
New Nachural Mango  (Amritsar),7408250007,A block Markit ,Punjab,Amritsar,
New Look Beauty Parlor  (Amritsar ),7407946961,Near starbucks  ranjit avenue ,Punjab ,Amritsar ,
New Look Beauty Zone  (Amritsar ),7407324724,Vijay nagar,Punjab ,Amritsar ,
Seerat Dhingra Makeover (Hamirpur),7398972440,Opposite Bus stand Nadaun market ,HIMACHAL PRADESH,Hamirpur,
Jawad Habib Hair And Beauty Rave Moti (Gorakhpur ),7398430684,Rustampur Gorakhpur ,Utter Pradesh ,Gorakhpur ,
Sii Bello Salon  (Nagpur ),7389812704,Friends colony ,Maharashtra ,Nagpur ,
Ak Salon (Mumbai),7387676448,Vasai East ,Maharashtra,Mumbai,
Gold Fever Parlour  (Lucknow ),7385922515,Chinhat ,Up,Lucknow ,
Luxury Salon  (Varanasi ),7384743139,Bhojubeer chauraha sindhaura Road Varanasi ,Uttar Pradesh,Varanasi ,
Luxury Salon & Acedemy  (Varanasi ),7383835510,Bhojubeer ,Uttar Pradesh ,Varanasi ,
Bhanu Salon And Makeup  (Lucknow ),7380703132,Sahara mall,Up,Lucknow ,
Forever Gorgeous  (Varanasi ),7379635862,D58/12 A, R Gandhi Nagar, Sigra Varanasi ,Uttar Pradesh,Varanasi ,
Mirror And Mirror Unisex Salon  (Moradabad ),7379022106,Line paar ,up,Moradabad ,
Guddiya Beauty Salon  (Kanpur ),7375484137,Govind Nagar ,Uttar Pradesh ,Kanpur ,
Te Beauty Club (Diglipur),7367970807,Vasai East ,Andaman and Nicobar Islands,Diglipur,
Reflection Beauty Parlor  (Maldah),7357778906,Buraburitala malda,West Bengal,Maldah,
Reflection Beauty Point  (Diglipur),7357210990,Main road palam vihar ,Andaman and Nicobar Islands,Diglipur,
Masco Unisex Salon (East delhi),7355500972,Agcr enclave karkardooma,Delhi,East delhi,
Jiyas Parlour  (Noida),7355417843,Shop number UGF, The Aranya, unnati market, 6 & 7, Aranya, Sector 119, Noida, Uttar Pradesh 201301,Uttar Pradesh,Noida,
Real 7 (Delhi ),7355349717,Chhatarpur delhi ,Delhi ,Delhi ,
Angelic Salon  (Ghaziabad ),7355249716,Vashundhra Ghaziabad ,Uttar Pradesh,Ghaziabad ,
Jawed Habib Hair & Beauty  (East delhi),7351563290,Ram nagar mandoli,Delhi,East delhi,
New Unisex Salon (Kanpur),7351328360,Ramdevi ,Uttar Pradesh,Kanpur,
Kanchan Make Up (Nagpur),7351220001,Manewada Road ,Maharashtra,Nagpur,
Queen Beauty Salon  (East delhi),7347500164,Kabool nagar shahdara,Delhi,East delhi,
Rocky Unisex Salon  (Delhi),7347396120,Tilak nagar ,Delhi ,Delhi,
Glory Salon (Delhi ),7340872412,H68 Rajouri garden ,Delhi ,Delhi ,
Aradhana Beauty Salon  (Faridabad),7340217137,First Floor, Sec 21C, Huda Market, Faridabad ,Haryana,Faridabad,
B Blound Unisex Salon  (Delhi),7340138018,Tilak nagar ,Delhi ,Delhi,
Hair & Beauty Makeup Studio  (Delhi ),7317311881,Tilak nagar ,Delhi ,Delhi ,
Nav Durga Beauty Salon  (Noida),7311110007,Purvanchal Society Shopping Complex, Sec 137, Noida ,Uttar Pradesh,Noida,
Sonam Chouhan Makeup Studio  (Noida),7310868903,UFG-26 Mahagun Mart, Greater Noida W Rd, Sector 4, Greater Noida, Uttar Pradesh 201301,Uttar Pradesh,Noida,
Br Salon (Moradabad),7310605287,manni chawk ,Uttar Pradesh,Moradabad,
Hair Track (Amritsar ),7310471234,Opp sandhu colony ,Punjab ,Amritsar ,
The Hair Art (Amritsar),7310054521,A block Markit ,Punjab,Amritsar,
( Matrix Salon) Heaven Beauty Salon (Nihal Singh Wala) (Amritsar ),7309563362,A block,Punjab ,Amritsar ,
 Heaven Beauty Salon (Nihal Singh Wala) (Kharar),7307912423,Kharar ,Punjab ,Kharar,
Jawad Habib Hair @ Beauty  (Amritsar ),7307444415,Sahid udam singh nagar,Punjab ,Amritsar ,
Anjali Rawat Salon  (Talwandi sabo),7307390389,Main bajar, talwandi sabo ,Punjab ,Talwandi sabo,
B Q Makeover  (Raipur),7304052296,Tatibandh ,Chhattisgarh,Raipur,
Bq Makeover  (ERANAKULAM ),7303748150,1st floor 
Ksrtc bus terminal 
Angamali ,Kerala ,ERANAKULAM ,
Flash Beauty Salon  (Lucknow ),7303727799,Malhor,Up,Lucknow ,
Bridal.Com Makeup Studio  (Adra),7303625098,Bhanunagar ,West Bengal,Adra,
Rose Salon (bagnan),7303139868,bagnan bus stop ,howrah,bagnan,
Flora Beauty Parlour  (Shiliguri),7302401408,Siliguri ,West Bengal,Shiliguri,
Glamour Emporium Salon (Shiliguri),7302185405,Matigara,West Bengal,Shiliguri,
Glamour Emporium  (Shiliguri),7300973739,Bhanunagar ,West Bengal,Shiliguri,
Shwet Makeover  (Shiliguri),7298456732,Siliguri ,West Bengal,Shiliguri,
Red Cherry Saloon  (Kolkata ),7295876264,Skyline Profulla, 3A, PC Sarkar Sarani, Ekdalia, Gariahat, Kolkata, West Bengal 700019,West Bengal ,Kolkata ,
Mevish Make Over (Pune),7291959000,Ambegao bk,Maharashtra ,Pune,
Navya Makeover  (Shiliguri),7291841783,Milanpally main road, Siliguri 
,West Bengal,Shiliguri,
Jai Beauty Clinic  (Raipur ),7290013234,Anandnagar ,Chattisgarh ,Raipur ,
Arti Cure Salon  (Raipur),7289992550,Tatibandh ,Chhattisgarh,Raipur,
Gagan Beauty Parlour  (Lucknow),7288378631,Gokhale marg,Uttar Pradesh,Lucknow,
Shital Make Over  (Kanpur ),7275879624,Kidwai Nagar ,Uttar Pradesh ,Kanpur ,
Merlin Professional Hair & Skin Salon  (Gorakhpur),7275585858,Khoya Mandi gali golghar gorakhpur ,Uttar Pradesh,Gorakhpur,
Taniya Makeup  (Varanasi ),7275381888,Mirzapur, Uttar Pradesh 231001,Uttar Pradesh,Varanasi ,
Aakansha Makeover  (Kanpur ),7275001701,Saket Nagar ,Uttar Pradesh ,Kanpur ,
Christina Beauty Salon (Kanpur ),7267970807,Lal bangla ,Uttar Pradesh,Kanpur ,
Pretty Loos Salon (Abbigeri),7267860160,Kumarswamy layout ,Karnataka,Abbigeri,
Mb Makeup My Beauty Salon (Bangalore ),7266881417,Rajajinagar ,Karnataka ,Bangalore ,
Sweta Vinal (Amritsar ),7266881416,Khandwala,Punjab ,Amritsar ,
Rudaraksh Unisex (Varanasi ),7266881415,Ashok Nagar colony Sigra ,Uttar Pradesh,Varanasi ,
Arty Master (Varanasi ),7257863401,IIIT Chauraha, Allahabad ,Uttar Pradesh ,Varanasi ,
Classic Unisex (Lucknow ),7251974203,Vrandavan telibagh ,Up,Lucknow ,
Sparkle Makeup Studio  (Lucknow),7250011601,Telibagh ,Uttar Pradesh,Lucknow,
Blush Beauty Makeover  (Lucknow ),7246684832,Arjunganj ,Up,Lucknow ,
B Blond Beauty Parlour  (Kanpur ),7236016666,Shyam nagar ,Uttar Pradesh,Kanpur ,
Glamour Makeup Studio  (Varanasi ),7235053320,Gupta Medical Sankat mochan Road wasellyganj Mirzapur ,Uttar Pradesh,Varanasi ,
Habiba Enterprises   (Lucknow),7234067560,Sadar bazar ,Uttar Pradesh,Lucknow,
Aleena Unisex  (Varanasi ),7234020202,Sale Visit ,Uttar Pradesh ,Varanasi ,
Ki N Ka Salon Mshagun Mart (Gonda ),7230047204,Ambedkar chouraha Gonda ,Uttar Pradesh ,Gonda ,
Aaradhya Beauty Parlour  (Jodhpur ),7223047743,Paota,Rajasthan ,Jodhpur ,
Dhanika Makeover  (Jodhpur),7222888399,Paota ,Rajasthan,Jodhpur,
Mr.Chouhan (Beas),7218734110,Railway station markit ,Punjab ,Beas,
Shivi Beauty Salon  (Other),7217841375,Main bazar,Punjab,Other,
Unique Beauty Salon  (Delhi ),7217540274,Mai market rajori garden ,Delhi ,Delhi ,
Aakriti Salon (Delhi),7210013900,D Block, Amar Colony, D-30, Lajpat Nagar IV, New Delhi, Delhi 110024,Delhi,Delhi,
Blushing  Make Over  (Delhi ),7206788983,C4-E  janakpuri  East ,Delhi ,Delhi ,
Mauli Beauty Salon  (Delhi ),7200467801,Delhi Darbar Road Bhajanpura ,Delhi ,Delhi ,
Shree Unisex Salon  (Delhi ),7088842738,Vikas puri ,Delhi ,Delhi ,
Ritis Hair Salon  (Delhi ),7088822417,C block Bhajanpura Gali no 5 ,Delhi ,Delhi ,
Sharu Makeover  (Noida),7087737080,Shop no 8 First Floor, Parasvnath Plaza, G Block, Pocket G, Sector 27, Noida, Uttar Pradesh 201301,Uttar Pradesh,Noida,
Ananya Beauty Parlour  (Noida),7083943950,Parshvanath Plaza, Sec 26, Noida,Uttar Pradesh,Noida,
Hanish Unisex Salon  (Noida),7081914684,Shop no 8 First Floor, Parasvnath Plaza, G Block, Pocket G, Sector 27, Noida, Uttar Pradesh 201301,Uttar Pradesh,Noida,
Radiant Glow Unisex Salon  (Delhi ),7081704923,Gandhi market ,Delhi ,Delhi ,
Infinity Unisex  (Delhi ),7081119005,Dashrath Puri Palam vihar 
D-24  ,Delhi ,Delhi ,
Richa Elegance Makeover  (East delhi),7080938034,Mayur vihar ph 2,Delhi,East delhi,
Sumeeta Salon (Nawashehar ),7080833818,Bus stand ,Punjab,Nawashehar ,
Style Studio Beauti Salon  (Kapurthala),7080790611,Near London hotel kapurthala ,Punjab ,Kapurthala,
Style Studio Beauty Salon  (Amritsar ),7080627441,Guru bazar,Punjab ,Amritsar ,
Pari Beauty Salon  (KONNAGAR),7080346765,25,G,T ROAD KONNAGAR,hooghly ,KONNAGAR,
Ms Makeover  (Kashipur ),7080251857,Bazpur road ,Uttrakhand ,Kashipur ,
Brown Girls Salon (Kashipur ),7078170058,,Uttrakhand ,Kashipur ,
Harman Makeover  (Modinagar ),7076583484,GT road ,UP,Modinagar ,
The Sizzer Salon (Baga Purana) (Jamshedpur),7068880439,Bistupur Fish Market ,Jharkhand,Jamshedpur,
Looks Unisex (Meerut ),7068643654,Modipuram road Meerut ,UP,Meerut ,
Geetanjali Saloon  (Meerut ),7067101040,Modipuram ,UP,Meerut ,
As Makeover  (Meerut),7065030030,Modinagar ,Uttar Pradesh,Meerut,
Madhu Makeover  (Modinagar),7061765569,Modi complex ,UP,Modinagar,
The Jawed Habib Hair @ Beauty  (Modinagar ),7061498142,Modi complex ,UP,Modinagar ,
Sahali Parlour  (Modinagar ),7060947538,Modi complex ,UP ,Modinagar ,
Arti Makeover  (Meerut ),7060440083,Shradha Puri ,UP,Meerut ,
Art Makeover  (Amritsar),7060077668,Chamlang road,Punjab,Amritsar,
Vogue Salon (Amritsar),7058200044,Chamlang road ,Punjab,Amritsar,
Blush And Brush Makeup Studio  (Amritsar ),7055545811,Chamlang road,Punjab ,Amritsar ,
M D Makeover  (Kharar),7055470807,Landra,Kharar,Kharar,
Scissors & Style Unisex Salon  (Delhi ),7055002021,B-2. Yamuna vihar ,Delhi ,Delhi ,
Scissors Style Unisex Salon  (Raipur ),7050570707,Shankarnagar ,Chattisgarh ,Raipur ,
Mbj Makeover  (Darjeeling),7050483319,Deshbandhu para,West Bengal,Darjeeling,
Istri Makeup Studio  (Bhubaneswar ),7050051782,Kharabela nagar,Odisha ,Bhubaneswar ,
Archna Salon  (Ranchi),7046878610,Hinoo,Jharkhand,Ranchi,
The Blunt Unisex Salon (Kolkata ),7044449545,Deb Banerjee Rd, Naskarhat, Kasba, Kolkata, West Bengal 700039,West Bengal ,Kolkata ,
Fancy Salon  (Jamshedpur ),7042992206,All ready user ,Jharkhand ,Jamshedpur ,
Lady Dream Salon  (Diglipur),7042938686,Lalapur ,Andaman and Nicobar Islands,Diglipur,
Hair Sage Luxury Salon  (Kapurthala),7042662186,Railway road ,Punjab,Kapurthala,
Anjali Sharma Makeovers  (Kapurthala),7042369086,Railway road ,Punjab ,Kapurthala,
Hair Express Salon  (Delhi ),7042201479,D-78 opp tata power house shalimar bagh ,Delhi ,Delhi ,
Attraction Salon  (Other),7042143330,Una road Amb ,Himachal Pradesh,Other,
Looks Unisex Salon  (Hamirpur),7042041298,Annu opposite degree college Hamirpur ,Himachal Pradesh,Hamirpur,
Your Choice Unisex Salon  (Hamirpur),7030289574,Bypass nalti galor road Hamirpur ,Himachal Pradesh,Hamirpur,
Sam Jas Unisex Salon  (Meerut ),7025794724,440/3 shastri nagar ,UP,Meerut ,
Viva Beauty Saloon  (Moradabad ),7025212571,Line paar ,up,Moradabad ,
Hair Master Salon (Delhi ),7021332172,Paschim vihar ,Delhi ,Delhi ,
Kumud Beauty Saloon & Academy  (Meerut ),7019414743,Modipuram road ,Up,Meerut ,
Alice Saloon  (Achaljamu),7018745678,Birsa chowk ,Jharkhand,Achaljamu,
S.K Salon  (Achaljamu),7018444836,Beside J D Complex, Azad Basti, Chepa Pull,Jharkhand,Achaljamu,
Anjali Makeover  (Jamshedpur),7018424673,Beside J D Complex, Azad Basti, Chepa Pull,Jharkhand,Jamshedpur,
Soni Make Over (Other),7018119199,Macon ,Andaman and Nicobar Islands,Other,
Hair & Skin Revolution Unisex Salon (Other),7017748620,Macon ranchi,Andaman and Nicobar Islands,Other,
Looks Beauty Saloon  (Rampur),7017662607,rampur near vishal mall ,Uttar Pradesh,Rampur,
Gold Glamourra Saloon  (Jodhpur ),7017582201,Ratnada ,Rajsthan ,Jodhpur ,
Glam Studio  (Jodhpur),7017494669,Chb kudi,Rajasthan,Jodhpur,
Classic Hair Cut Salon (Nagpur ),7017450970,Dharampeth ,Maharashtra ,Nagpur ,
Headmaster (Nagpur),7017396280,Friends colony ,Maharashtra,Nagpur,
Garvi Beauty Parlour  (Itanagar),7017336682,Rajeevnagar ,Arunachal Pradesh,Itanagar,
Jay Kay Gents Salon (Mysore),7015493190,Rajeevnagar,Karnataka,Mysore,
Jyoti Makeover (Nihal Singh wala ),7014976138,Guru Gobind Colony, Nihal Singh Wala, Punjab 142055,Punjab,Nihal Singh wala ,
Gorgeous Look Beauty Salon  (Nihal Singh wala ),7014770704,Mane bazar, Nihal Singh wala ,Punjab,Nihal Singh wala ,
Aline Make Up Studio  (Nihal Singhwala),7014445261,Mane bazar ,Punjab,Nihal Singhwala,
Sparkle Studio  (Kapurthala),7013244312,Kartarpur road,Punjab,Kapurthala,
U Shine Unisex Salon  (Kharar),7012264784,Kurali,Kharar,Kharar,
Varnika Makeover  (Amritsar ),7011887163,Ut markit,Punjab ,Amritsar ,
Pardeep & Kavita Salon (Lucknow ),7011705042,Amity University ,Up,Lucknow ,
Fairy Tale Beauty Studio  (Mohali),7011639489,Booth no 160 phase 10 Mohali ,Punjab ,Mohali,
Jawed Habib Unisex Saloon  (Gurdaspur ),7011535837,Near Redtape store,Punjab ,Gurdaspur ,
The Beauty Hub  (North delhi),7011526404,BB 5 A west shalimar bagh delhi 110088,Delhi,North delhi,
Glow & Glow Makeup Studio  (Delhi ),7011443930,B h block  shalimar bagh ,Delhi ,Delhi ,
Hair& Art Salon (South Delhi ),7011379877,Shop No - 45, Nehru Nagar Market, South Delhi ,Delhi ,South Delhi ,
Sk Makeover  (Delhi),7011211075,Petal Nagar ,Delhi ,Delhi,
Top Look Unisex Salon  (Kanpur ),7011165992,Govind Nagar ,Uttar Pradesh ,Kanpur ,
Matrix Salon  (Rampur),7011002770,Rampur,Uttar Pradesh,Rampur,
Mamta'S Makeover  (Modinagar),7009865422,Modinagar,UP ,Modinagar,
Blush And Beauty Hub  (Rampur),7009865401,Rampur,Uttar Pradesh,Rampur,
Trendz Family Saloon (Ghaziabad ),7009723526,Raj Nagar Ghaziabad ,Uttar Pradesh,Ghaziabad ,
Face & Figure Beauty Saloon  (Muzaffarnagar ),7009588244,Dwarika puri ,Up ,Muzaffarnagar ,
Pari Ladies Saloon  (Fatehabad),7009584027,Jwahar nagr ,Haryana,Fatehabad,
High Skin (PATHANAMTHITTA ),7009362282,KONNI ,KERALA ,PATHANAMTHITTA ,
Ip Glits Makeover  (Chandigarh ),7009093303,Sec 41 chandigarh ,Ut,Chandigarh ,
Nanad Bhabhi Parlour (Chandigarh ),7008174023,Sec 27D chandigarh ,UT ,Chandigarh ,
Ashi Bp (Kapurthala),7007652143,Rcf kapurthala ,Punjab ,Kapurthala,
Dayal Enterprise  (Kapurthala),7007299330,,Punjab ,Kapurthala,
Simran Makeover  (Amritsar),7007071516,A block markit,Punjab,Amritsar,
Shalini Salon  (Amritsar ),7006441938,Near parvati hospital a block markit,Punjab ,Amritsar ,
Style Villa Salon Muktsar (Amritsar ),7006277871,A block markit ,Punjab ,Amritsar ,
Deepak Hair Port  (Rajkot ),7004739890,50 ft road nr old morbi road ,Gujrat ,Rajkot ,
Amazing Look Beauty Parlour  (Guwahati ),7004658969,Adabari Tinili ,Assam,Guwahati ,
Neha Makeup Mantra (Noida),7003562942,The Golden Palm, Tower O - Shop No. 28 & 29, Sector 168,Uttar Pradesh,Noida,
Super Salon Moga (East delhi),7003323506,,Delhi,East delhi,
Super Salon  (Noida),7003201092,Shop No LG 81 - 82, Spectrum Mall, Sector 75, Road, opposite Sector 50, Sector 75, Noida, Uttar Pradesh 201301,Uttar Pradesh,Noida,
Shabnam Beauty Parlor  (East delhi),7002910353,Rohtash nagar main road,Delhi,East delhi,
The Beauty Mirror  (East delhi),7002818406,Shahdara Rohtash nagar,Delhu,East delhi,
Meena S Platinum Salon  (Ghaziabad ),7002533147,Habitat Central indrapuram ,Uttar Pradesh,Ghaziabad ,
Tony & Guy Essentual (Ghaziabad ),7002232346,Vashundhra Ghaziabad ,Uttar Pradesh,Ghaziabad ,
Glam Garden  (Lucknow ),7000942818,Faijullahganj ,Up,Lucknow ,
Glam Garden Unisex Salon  (Lucknow ),7000818696,Faijullahganj lko sitapur raod,Up,Lucknow ,
Glam Garden Salon  (Kanpur ),7000676470,Tilak Nagar ,Uttar Pradesh ,Kanpur ,
Fresh Look Salon (Varanasi ),7000611710,Uma netralay Chitaipur ,Uttar Pradesh,Varanasi ,
Fresh Look (Moradabad ),6983568873,Harthala ,up,Moradabad ,
Nail Studio (Raipur),6977884356,Avanti,Chhattisgarh,Raipur,
O’Ie Unisex Salon (Raipur ),6973665342,Avanti vihar,Chattisgarh ,Raipur ,
Beau Mounde (Bhubaneswar ),6900127755,Saheed Nagar bbsr,Odisha ,Bhubaneswar ,
Topper Family Salon  (Sant kabir nagar ),6873466243,Shanti complex main market khalilabad ,Uttar Pradesh ,Sant kabir nagar ,
Lotus Salon (Kanpur ),6849953274,Shyam Nagar D block,Uttar Pradesh ,Kanpur ,
Vijay Shree Beauty Parlour  (Varanasi ),6846693547,Gandhi Nagar colony ,Uttar Pradesh,Varanasi ,
Kaya Beauty Parlour  (Gorakhpur),6839568469,Geet marriage hall,10 no. Boring Gorakhnath ,Uttar Pradesh,Gorakhpur,
Sai Sale  (Gorakhpur),6839100463,Rampur Naya Goan, near green City Gorakhnath ,Uttar Pradesh,Gorakhpur,
Sonika Kamboj Makeover  (Diglipur),6819562634,Vasai East ,Andaman and Nicobar Islands,Diglipur,
Sonika Kamboj Salon  (Jodhpur ),6790554210,Pratap Nagar ,Rajsthan ,Jodhpur ,
Ashu Beauty Parlour  (Jaisalmer ),6789897001,Jaisalmer Rajsthan ,Rajsthan ,Jaisalmer ,
Drishti Makeover  (Dhanbad),6783255694,Sindri Dhanbad ,Jharkhand,Dhanbad,
The Makeup Studio  (Shiliguri),6755879023,Bhanu nagar siliguri ,West Bengal,Shiliguri,
Sizzling Scizzor Unisex Salon  (Shiliguri),6708978908,Bhanunagar near service road,West Bengal,Shiliguri,
The Glitz Unisex Salon  (Noida),6708361148,Ansal Plaza, Greater Noida ,Uttar Pradesh,Noida,
Ns4 Unisex Salon (Kolkata ),6598721543,16B, Raja Subodh Chandra Mallick Rd, E Block, Ajanta Park, Baghajatin Colony, Kolkata, West Bengal 700086,West Bengal ,Kolkata ,
Wondercut Unisex  (Jodhpur),6598362854,Sardarpura ,Rajasthan,Jodhpur,
Shades (Jodhpur),6598325498,Sardarpura ,Rajasthan,Jodhpur,
Puspa Beauty Parlour  (Bhubaneswar ),6598284874,Chandrasekhar pur near bharat petrol pump ,Odisha ,Bhubaneswar ,
Aura Unisex  (Kanpur ),6598238654,Shastri Nagar ,Uttar Pradesh ,Kanpur ,
Beauty City (Lucknow ),6593827692,Ansal city ,Up,Lucknow ,
Surrey Unisex Salon  (Achhnera),6593783657,Chitaipur ,Uttar Pradesh,Achhnera,
100 Looks Unisex Salon  (Lucknow ),6592585456,Ashiyana ,Up,Lucknow ,
100 Looks Unisex Salon (Jaunpur ),6591739936,Jaunpur ,Uttar Pradesh ,Jaunpur ,
Rendez Unisex Salon (Faridkot),6587983245,Mane bazar, Faridkot ,Punjab,Faridkot,
Hair Expert Unisex Salon (FARIDKOT ),6579768905,Near medical College Faridkot ,Punjab,FARIDKOT ,
Pooja Mak3Over (FARIDKOT ),6578114823,Mane bazar, Faridkot ,Punjab,FARIDKOT ,
Richa Glam Makeover Salon  (ALAPPUZHA ),6578084567,Ambalapuzha ,Kerala ,ALAPPUZHA ,
Elegance Beauty Salon (Nagpur),6399759632,Kapil Nagar square ,Maharashtra,Nagpur,
Manvi Makeover  (Nagpur),6399116341,Wardhman nagar ,Maharashtra,Nagpur,
Hair Mafia Unisex Salon  (Nagpur),6399008007,Wardhaman nagar ,Maharashtra,Nagpur,
Gleam Makeover Beauty Salon  (Nagpur),6398841878,Nara road ,Maharashtra,Nagpur,
Beauty Hub Salon (Diglipur),6398479325,Varkkala,Andaman and Nicobar Islands,Diglipur,
Butter Beauty Salon  (Thiruvananthapuram),6398430090,Varkkala,Kerala,Thiruvananthapuram,
Butter Salon (Kathua),6397938783,Kathua,Jammu and Kashma«r,Kathua,
Archana Beauty Hub (Lucknow ),6397705784,Ashiyana,Up,Lucknow ,
Ustraa Hair Studio Salon  (Kanpur ),6397695174,Shastri Nagar,Uttar Pradesh,Kanpur ,
The Hair Loungh (Noida),6397676732,Sadbhavna Market, Sec 121, Opp Cleo County Gate No. 3,Uttar Pradesh,Noida,
Anjali Makeup Studio  (Moradabad ),6397664520,Near lovi shade bridge ,up,Moradabad ,
Sam @ Jas (Meerut ),6397563490,Shivagi road Meerut ,UP,Meerut ,
Vandna (Modinagar ),6397562135,Modi complex ,UP ,Modinagar ,
Ayza Beauty Salon And Academy  (Delhi),6397136754,31/1 B6, Block B6, Humayunpur, Safdarjung Enclave, New Delhi, Delhi 110029,Delhi ,Delhi,
Madhuri Bp  (West Delhi ),6396764030,Hari nagar ,Delhi,West Delhi ,
Levender Moon Famly Salon  (East delhi),6396430174,Dyanand vihar mkt,Delhi,East delhi,
Srinikas (Gorakhpur),6395188234,Main market khalilabad ,Uttar Pradesh,Gorakhpur,
Happy Parlour  (Gorakhpur ),6394998421,Main market khalilabad ,Uttar Pradesh ,Gorakhpur ,
The Lookks (Hr),6394376035,Faridabad ,Hr,Hr,
Boho Bliss (Noida),6393920998,Pillar No.53, Charm Art9 Studio, Main, Dadri Main Rd, Baraula, Sector 49, Noida, Uttar Pradesh 201301,Uttar Pradesh ,Noida,
The Sono (East delhi),6393747141,Mangal bazar road laxmi nagar,Delhi,East delhi,
Skyzar Salon (Ghaziabad ),6393525567,Rajender Nagar GT Road Ghaziabad ,Uttar Pradesh,Ghaziabad ,
Karishma Mackover (New Delhi),6393264846,JE 7 khirki extn,Delhi,New Delhi,
Pihu Beauty Zone (Delhi ),6393047345,Uttam Nagar ,Delhi ,Delhi ,
Maintain Beauty Point  (West Delhi ),6393017923,Uttam Nagar ,Delhi ,West Delhi ,
Hair Fashion Tuner  (West Delhi ),6392854189,Uttam Nagar ,Delhi ,West Delhi ,
Herbal Salon (Delhi ),6392854180,Uttam Nagar ,Delhi ,Delhi ,
Danish Makeover  (Noida),6392854159,Shop No -07 , Lower Ground Floor, Spectrum Mall, Phase -1, Sector 75, Noida, Uttar Pradesh 201304,Uttar Pradesh,Noida,
City Style Parlour  (Noida),6392368633,Shop No -07 , Lower Ground Floor, Spectrum Mall, Phase -1, Sector 75, Noida, Uttar Pradesh 201304,Uttar Pradesh,Noida,
Avalon Unisex Salon  (Jodhpur ),6392054429,Ratnada Jodhpur ,Rajsthan ,Jodhpur ,
Avalon Salon (Jodhpur ),6392013085,Ratnada,Rajsthan ,Jodhpur ,
Ishaan Unisex Salon  (moradabad ),6391979555,mda,up,moradabad ,
Hair Company Salon (Bareilly),6391057555,Green Park gate Pilibhit By Pass Road Bareilly ,Uttar Pradesh,Bareilly,
Jolens Es Beauty Salon (Nagpur),6389765430,Wardhaman nagar ,Maharashtra,Nagpur,
Mk Salon  (Tarn Taran),6388989934,Darbar sahib bazar ,Punjab,Tarn Taran,
She @ He Salon  (Amritsar),6388830575,Green Avenue ,Punjab,Amritsar,
Reshmi Beauty Parlour  (Ludhiana ),6388603875,285/100 j block brs nagar Ludhiana ,Punjab ,Ludhiana ,
Glam Zone Salon (Kanpur ),6388533138,Govind Nagar ,Uttar Pradesh,Kanpur ,
Blush Mekaup Studio @ Salon  (Bangalore),6388066104,Kaggalipura ,Karnataka,Bangalore,
Arth Unisex Salon  (Abbigeri),6387804645,Btm layout ,Karnataka,Abbigeri,
Moi Order Salon (Bangalore),6387617822,Btm layout ,Karnataka,Bangalore,
Fiorio Salon (Amritsar ),6387306711,Loharka road ,Punjab ,Amritsar ,
Kaya Glow Salon (Guwahati ),6386585390,Pandu port road ,Assam ,Guwahati ,
Maya Salon (Faridabad),6378869771,F8J6+7HF, Huda Market, Sector 37, Faridabad, Haryana 121003, India,Haryana,Faridabad,
Khubsurat Salon (Noida),6375835983,802, PINNACLE TOWER, Block A, Industrial Area, Sector 62, Noida, Uttar Pradesh 201301,Uttar Pradesh,Noida,
Tress Lounge Salon (Noida),6366723200,802, PINNACLE TOWER, Block A, Industrial Area, Sector 62,Uttar Pradesh,Noida,
True Faces Salon (Nagpur),6364428377,Nandanvan ,Maharashtra,Nagpur,
Eves Beauty Salon  (Nagpur ),6363463050,Saoner ,Maharashtra ,Nagpur ,
Good Look Salon (Muzaffarnagar ),6363423211,Khatuli ,UP,Muzaffarnagar ,
Hair Baag Salon (Jodhpur),6361874828,Madore Jodhpur ,Rajasthan,Jodhpur,
Ananya Unisex Salon  (Jodhpur),6361234211,Paota ,Rajasthan,Jodhpur,
Shree Ji Beauty Parlour (Raipur ),6360517043,Kachna,Chattisgarh ,Raipur ,
Monamour Makeover  (Bangalore),6356980516,Kanankpura road ,Karnataka,Bangalore,
Pearl Salon  (Jamshedpur ),6355809023,Sonari market ,Jharkhand ,Jamshedpur ,
Sunaina Makeover  (Achaljamu),6355645321,Boriya morabadi,Jharkhand,Achaljamu,
Blush Salon  (Kanpur ),6350132084,P Road ,Uttar Pradesh ,Kanpur ,
Chavi Makeup Studio  (Noida),6350023112,Indirapuram, Ghaziabad ,Uttar Pradesh,Noida,
Uma Beauty Parlour (Raipur ),6323212323,Mahaveernagar,Chattisgarh ,Raipur ,
Veda Studio  (Bilaspur ),6321342143,Rajendranagar chowk link road bilaspur ,Chattisgarh ,Bilaspur ,
Amrita Makeover  (Raipur ),6307884835,Gurugivindnagar,Chattisgarh ,Raipur ,
Glam And Beauty  (Ludhiana ),6306783482,33 feet road sundar nagar chowk ,Punjab ,Ludhiana ,
Harpreet Kaur Paradise  (Amritsar ),6306497086,Sultanwind gate ,Punjab ,Amritsar ,
Neha B P (Gurdaspur),6306347372,Fish park,Punjab,Gurdaspur,
Gloss & Grace Unisex Salon  (Gurdaspur ),6306239530,Opp fish park,Punjab ,Gurdaspur ,
Yatika Makeover  (Amritsar),6297902122,Hathi gate,Punjab,Amritsar,
Lady Boss Beauty Salon  (Amritsar),6291910214,Hathi gate,Punjab,Amritsar,
Rey Beauty Saloon  (Amritsar ),6290917081,Hathi gate,Punjab ,Amritsar ,
Jawad Habib Hair And Beauty  P Road  (Abohar),6290728005,Kotkapura bypass, Muktsar ,Punjab,Abohar,
Shagun Bridal Makeup Studio  (Amritsar),6290332031,Darama wala bazar sultanwind road ,Punjab,Amritsar,
C 3 Unisex Salon  (Amritsar),6284909004,Chamlang road ,Punjab,Amritsar,
Divya Shukla Makeup Studio  (Amritsar),6284545576,Chamlang road,Punjab,Amritsar,
Sunflower Beauty Salon  (Amritsar ),6284536974,Chamlang road ,Punjab ,Amritsar ,
Kiana Unisex Salon  (Varanasi ),6284466150,Nathupur temple, Pahadi Gaon, DLW Colony, Bhullanpur, Nathupur, Uttar Pradesh,Uttar Pradesh,Varanasi ,
New Look Makeup Studio  (Allahabad ),6284240765,Gharwars 61, Mukta vihar,ADA Naini, Prayagraj - 211008,Uttar Pradesh ,Allahabad ,
Sherma Enterprises  (Moradabad ),6284023928,kashiram ,up,Moradabad ,
Sharma Enterprises  (Meerut ),6283989422,163 sec-2 shastri nagar ,UP,Meerut ,
Gorgeous Glow Beauty Saloon  (Meerut ),6283876667,163 sec-2 Shastri Nagar Meerut ,UP,Meerut ,
Magnum Profesional Beauty Saloon  (Meerut ),6283170313,Central market ,UP ,Meerut ,
Meenakshi Dutt Makeover  (Noida),6283082747,Opposite SAB Mall, Noida Sec 27, Atta Market, Noida 201301,Uttar Pradesh,Noida,
Pooja Saloon  (Delhi),6283072883,Moti nagar ,Delhi,Delhi,
Look Changer Unisex Salon  (Delhi),6280424976,Moti nagar ,Delhi ,Delhi,
Hair @ Club  (Delhi ),6280352633,Moti nagar ,Delhi ,Delhi ,
Beauty & Joy (Noida),6280344123,First floor, near RK public school, Mamura, Sector 66, Noida, Uttar Pradesh 201301,Uttar Pradesh,Noida,
Lavender My Choice  (Delhi ),6280210955,Uttam Nagar ,Delhi ,Delhi ,
Kashmira Salon  (Delhi ),6280191246,Dwarka ,Delhi ,Delhi ,
M K Salon  (Delhi ),6280173432,Dwarka mod ,Delhi ,Delhi ,
Mjrs Makeup Studio  (Hamirpur),6280078783,Vpo Rangas tehsil and district Hamirpur Himachal Pradesh ,HIMACHAL PRADESH,Hamirpur,
The Divino Faccia (Noida),6280031318,Noida World One, Sec 90 Noida,Uttar Pradesh,Noida,
Salon Be Beauty  (Noida),6268533120,UG 8, Tower A, Bhutani alphathum word one, plot no 1, Noida-Greater Noida Expy, Sector 90, Noida, Uttar Pradesh 201305,Uttar Pradesh,Noida,
Golden Scissors Salon  (Noida),6266864875,Bhutani Tower, sec 90 noida,Uttar Pradesh ,Noida,
Delight Salon  (Noida ),6266740099,Noida One, Sec 98, Noida,Uttar Pradesh ,Noida ,
Namrtha S Unisex Salon  (Andal),6265213940,Chatterjee hat 711104
,West Bengal,Andal,
M2 Hair Beauty  (Kolkata),6264576031,93/1B, Rash Behari Avenue, Deshapriya Park Rd, Kolkata, West Bengal 700029,West Bengal ,Kolkata,
Desio Unisex Salon  (Kolkata ),6264506115,93/1B, Rash Behari Avenue, Deshapriya Park Rd, Kolkata, West Bengal 700029,West Bengal ,Kolkata ,
Shades Unisex (Delhi),6263418959,Dwarka,Delhi ,Delhi,
J0Shh Beauty World  (Delhi ),6262686810,Palam dabri road mahavir enclave ,Delhi ,Delhi ,
Browns Salon (Delhi ),6260579007,Dashrath puri ,Delhi ,Delhi ,
Priya Makeup Studio  (Delhi ),6260345772,Dwarka ,Delhi ,Delhi ,
Inspire Salon (Delhi ),6239665959,Dashrath puri ,Delhi ,Delhi ,
Saundaram Beauty Po  (Jodhpur),6239141446,Madore Jodhpur ,Rajasthan,Jodhpur,
Bwb Unisex  (Jodhpur),6239002206,Paota,Rajasthan,Jodhpur,
Yesvarya Beauty Point  (Jodhpur ),6206726674,Paota ,Rajsthan ,Jodhpur ,
Aj Salon (Jodhpur),6206110329,Madore Jodhpur ,Rajasthan,Jodhpur,
Neelam Harbal Beauty Parlour  (Jodhpur),6205281788,Paota ,Rajasthan,Jodhpur,
Sharda Makeover  (Amritsar),6205140350,Near 22 no fatak,Punjab,Amritsar,
Dr Makeover  (Patti),6204313824,Khem karan road,Punjab ,Patti,
Ragini Makeup Studio  (Chandigarh ),6204224343,Sec 41D chandigarh ,Ut,Chandigarh ,
Serenity Family Saloon  (Kapurthala),6200419223,Golden avenue kapurthala ,Punjab,Kapurthala,
Evas Glamour And Glow Professional Salon  (Taran tarn ),6006616239,Bouri chonk ,Punjab ,Taran tarn ,
Loonix Family Salon  (Pathankot),6006615236,Tangu road near kali mata mandir ,Punjab,Pathankot,
Rio Family Salone (Kapurthala),6005961356,Charbatti chownk ,Punjab,Kapurthala,
Sm Hair And Beauty  (Nagpur ),6005664456,Anand Nagar ,Maharashtra ,Nagpur ,
New Ellcanes Unisex Salon  (Delhi ),6003656583,Janakpuri ,Delhi ,Delhi ,
(Vogue Salon Zira) (Raipur ),6001933848,RkC road,Chattisgarh ,Raipur ,
Perfect Beauty Salon  (Kot Ise Khan) (Shiliguri),6000249503,Shakigarh Main road, Siliguri ,West Bengal,Shiliguri,
Bigg Boss Studio (Delhi ),999046611,Tilak nagar ,Delhi ,Delhi ,
Sabir Salon  (Meerut),998863905,Near shoprix Mall ,Uttar Pradesh,Meerut,
Reveal Your Style (Moradabad),998828497,mda,Uttar Pradesh,Moradabad,
Reveal Your Style  (Meerut ),998786790,Saraswati lok ,UP,Meerut ,
Forever Salon (Agra),997838699,250B, Ellora Enclave Dayal bagh, Agra 5,Uttar Pradesh,Agra,
New Ellcanes Salon (Delhi ),997193222,Ramesh Nagar ,Delhi ,Delhi ,
Studio 99  (Delhi ),995766384,Ramesh Nagar ,Delhi ,Delhi ,
Navya Glam Studio Fzr (Delhi ),994683665,Ramesh nagar ,Delhi ,Delhi ,
Navya Salon Firozpur  (Achhnera),991831083,Pahdiya ,Uttar Pradesh,Achhnera,
295 Unisex Salon  (Balrampur ),990932225,Post office Balrampur ,Utter Pradesh ,Balrampur ,
Lakhveer Bs (Govardhan),989978908,Jharkhandi Main market Balrampur ,Uttar Pradesh,Govardhan,
Glam Studio & Acedemy  (Allahabad ),989098990,Preetam Nagar Allahabad ,Uttar Pradesh ,Allahabad ,
Hair Crew Luxury Salon  (Varanasi ),988837444,Near Gyandeep School Chitaipur ,Uttar Pradesh,Varanasi ,
Rise And Shine  (Lucknow ),988826341,Gomtinagar ,Up,Lucknow ,
Cosmo Salon  (Kanpur ),988128446,Ratan lal nagar ,Uttar Pradesh ,Kanpur ,
Beauty Lock Salon By Rashmi Firozepur (Kanpur ),987832123,Govind Nagar K block ,Uttar Pradesh ,Kanpur ,
Vy Hair Studio (Kanpur ),987645746,Govind Nagar ,Uttar Pradesh ,Kanpur ,
Elan Makeover  (Lucknow),985784365,Indiranagar ,Uttar Pradesh,Lucknow,
Elan Salon  (Lucknow ),985492543,Airport,Up,Lucknow ,
Uper Cut Salon (Kanpur ),985467832,Yashoda nagar ,Uttar Pradesh ,Kanpur ,
Urban Salon (Lucknow ),985467324,Vinay khand gomti nagar ,Up,Lucknow ,
Beard And Bangs (Achhnera),984552369,Near Reamo hospital road Bahraich ,Uttar Pradesh,Achhnera,
Ds Slaon (Jaunpur ),984476584,Jaunpur ,Uttar Pradesh ,Jaunpur ,
Hair Timexx (Kanpur ),983905647,Govind Nagar E block,Uttar Pradesh ,Kanpur ,
J S Salon (Kanpur ),982645754,Lal bangla ,Uttar Pradesh,Kanpur ,
Monarch (Kanpur ),981801638,Lal bangla ,Uttar Pradesh ,Kanpur ,
Keshav Kala Unisex (Ranchi),981567890,Ratu road,Jharkhand ,Ranchi,
Chitra Beauty Parlour  (Jamshedpur ),981158253,Sakchi market ,Jharkhand ,Jamshedpur ,
Addore Salon (Jamshedpur ),978546736,Mango,Jharkhand ,Jamshedpur ,
A Mac Salon (Moradabad),978476523,naveen nagar ,Uttar Pradesh,Moradabad,
Gc Makeovers  (Bangalore ),977990555,Srinagar ,Karnataka ,Bangalore ,
Gc Makeover  (Bangalore),976227455,JP nagar ,Karnataka,Bangalore,
Serenity Salon (Jodhpur),967825397,Chb Jodhpur ,Rajasthan,Jodhpur,
P2 Glow  (Lucknow ),966394959,Satlaj appartment ,Up,Lucknow ,
Gs Family Salon  (Lucknow),964828364,Patrakar gomtinagar ,Uttar Pradesh,Lucknow,
The Reflection Salon (Varanasi ),964676343,Basahi ,Uttar Pradesh,Varanasi ,
Sparkline Beauty Parlour  (Hr),960780556,Faridabad old,Hr,Hr,
Sparkle Bp (Silchar),958285632,Arunachal, silchar ,Assam,Silchar,
Beauty Bala (Modinagar ),956249552,Modi complex ,UP,Modinagar ,
Bela & Beauty  (Kanpur ),932767657,Lal bangla ,Uttar Pradesh ,Kanpur ,
Joy Professional  (Achhnera),914920890,Mawana ,Uttar Pradesh,Achhnera,
Trends Salon (Bangalore ),897543477,R s palya ,Karnataka ,Bangalore ,
Zanishka Unisex Salon  (Bangalore),893688227,Kanankpura road ,Karnataka,Bangalore,
Trimy Tomees (Jammu),893523464,City,Jammu and Kashma«r,Jammu,
Pr Makeover  (Kapurthala),888892107,Jld road ,Punjab ,Kapurthala,
Hair And Beauty Unisex Salon  (Amritsar),888264047,Chamlang road ,Punjab,Amritsar,
Raaj Parlour  (Amritsar),887964366,Chamlang road ,Punjab,Amritsar,
Purnima Beauty Salon (Amritsar),881080010,Toot sahib bazar sultanwind road ,Punjab,Amritsar,
Sam Hair Lounge Salon (Amritsar ),868653526,Toot sahib bazar,Punjab ,Amritsar ,
G S Geeta Salon (Jandala ),866194352,Main bazar ,Punjab ,Jandala ,
Avkar Salon (Jandiala),858896265,Main bazar,Punjab,Jandiala,
Styler Parlour  (Amritsar),855478482,Sb enclave majitha road,Punjab,Amritsar,
Six Sense Unisex Salon  (Amritsar ),854927154,Near Malumimim salon majitha road,Punjab ,Amritsar ,
Hair Makers Unisex Salon  (Ferozepore),847288748,Near golden enclave, Firozpur ,Punjab,Ferozepore,
Sia'S Studio Unisex Salon  (Ferozepore),834606285,Mani bazar, Firozpur ,Punjab,Ferozepore,
Dazzle Unisex  (Chandigarh ),798654654,Sec 21c ,UT ,Chandigarh ,
Ms Vip (Amritsar),793749462,Majitha byepass,Punjab,Amritsar,
Attitude Salon  (Amritsar ),790362601,Near vishal mega mart ranjit avenue ,Punjab ,Amritsar ,
Runaway Salon (Amritsar),789916854,Airport road ,Punjab,Amritsar,
Blonde Unisex Salon  (Amritsar ),789556382,Airport road ,Punjab ,Amritsar ,
Mannat Beauty Point  (Amritsar),789166342,Rani.ka bagh,Punjab,Amritsar,
Abhi Make Over  (Amritsar ),789153773,Rani ka bagh,Punjab ,Amritsar ,
Hair Company  (Zirakpur ),789142022,Gazipur road zirakpur ,Punjab ,Zirakpur ,
Hair Lab Salon  (Amritsar),788531951,Pizzeria Markit ,Punjab,Amritsar,
Style X Salon (Amritsar ),786699342,D block,Punjab ,Amritsar ,
Tress Spa Salon (Chandigarh ),785629341,Shop no 76 ec 46c ,UT ,Chandigarh ,
Wow Beauty  (Kanpur ),784075633,Barra 2 ,Uttar Pradesh ,Kanpur ,
Beauty World Salon (Jodhpur),783926413,Madore Jodhpur ,Rajasthan,Jodhpur,
Sharda Enterprises  (Jaisalmer ),782385256,Jaisalmer Rajsthan ,Rajsthan ,Jaisalmer ,
Alex Unisex Salon  (Rajkot ),782223953,Jyoti nagar road,Gujrat ,Rajkot ,
Blooming Unisex Salon (Maldah),781559354,I t i more,West Bengal,Maldah,
Elegance Salon (Other),781193634,Sevoke road m bazar,Andaman and Nicobar Islands,Other,
Glamour Academy  (Siliguri ),778294365,City mall sevoke road 
Siliguri ,West bengal ,Siliguri ,
Vennessa Salon (Siliguri ),769656281,City mall sevoke road 
Siliguri ,West bengal ,Siliguri ,
Masters Kabir Studio (Jodhpur),768943552,Chb Jodhpur ,Rajasthan,Jodhpur,
Prakash Unisex  (Jodhpur ),768724389,Chb Pratap Nagar ,Rajsthan ,Jodhpur ,
Aysh Beauty Salon  (Jodhpur ),765790786,Chb Pratap Nagar ,Rajsthan ,Jodhpur ,
Kashish Salon (Raipur ),765529582,New rajendranagar ,Chattisgarh ,Raipur ,
Beauty Art Salon (Raipur),765438654,Colour.mall.Raipur,Chhattisgarh,Raipur,
Bhawna Beauty Salon  (Kanpur ),762988312,SHAYAM NAGAR ,Uttar Pradesh ,Kanpur ,
Boho Salon (Kanpur),752793699,Kidwai Nagar ,Uttar Pradesh,Kanpur,
Kumar Salon  (Kanpur ),750599909,Kidwai Nagar ,Uttar Pradesh ,Kanpur ,
Revive (Kanpur),749816926,Shayam Nagar ,Uttar Pradesh,Kanpur,
Salon 37 (Ablu),748339418,Zirakpur ,Punjab,Ablu,
Hair Dot Comb (Chandigarh),742594800,Sec 44c,Punjab,Chandigarh,
Hair Raiser Salon (Panchkula),729540162,Sec 11,Haryana,Panchkula,
Arth Salon (Nagpur ),729249567,Jafar Nagar ,Maharashtra ,Nagpur ,
The Jawed Habib Salon Bithoor Road  (Bakhtawarpur),727890900,D 4 Amar colony,Delhi,Bakhtawarpur,
Allure Salon (Delhi ),726598265,Main road rajouri garden  Shop no 4 ,Delhi ,Delhi ,
Nishi Makeover (Delhi ),725593614,Janakpuri ,Delhi ,Delhi ,
New Stylo Salon (Ghaziabad ),724149456,Mohan  Nagar Ghaziabad ,Uttar Pradesh,Ghaziabad ,
Sethi Beauty Palace  (New Delhi),708779902,Opp select city mall malvia nagar,Delhi,New Delhi,
Makeover By Deepanshi (Delhi),704214330,Vikaspuri ,Delhi ,Delhi,
Attraction (Delhi ),700670086,Vikas puri ,Delhi,Delhi ,
Creative Hairs Salon (Delhi ),699482648,Vikas puri ,Delhi ,Delhi ,
The  Coiffeur (West Delhi ),691483563,Vikas puri ,Delhi,West Delhi ,
Midaas Touch (Delhi),681628348,Moti nagar ,Delhi ,Delhi,
Beautista Salon  (Other),679482564,Main bazar,Punjab,Other,
Hair Garden Salon (Kharar ),678293645,Kharar,Punjab ,Kharar ,
Aliz Hair Trix  (Mohali),674392639,Sco 25 district 1 sec 68,Punjab ,Mohali,
Iris Salon (Fatehghar churian ),672448392,Near canara bank ajnala road,Punjab ,Fatehghar churian ,
Maya'S Salon (Ludhiana ),672206275,344 block k rajguru nagar Ludhiana ,Punjab ,Ludhiana ,
Tress Cafe Salon (Amritsar ),671638959,Sultanwind road,Punjab ,Amritsar ,
Hair Matress Salon  (Amritsar ),659814645,Vijay nagar,Punjab ,Amritsar ,
Meyra Unisex Salon  (Amritsar ),659188347,Fatehghar byepass ,Punjab ,Amritsar ,
Runway Salon (Ghaziabad ),659026342,AVS market Raj Nagar Ext Ghaziabad ,Uttar Pradesh,Ghaziabad ,
Tanu Makeover  (Chandigarh),658293413,Sec 45,Punjab,Chandigarh,
Mahi Makeover  (Noida),635006479,B9/707, Ecovillage 1, Bisarakh, Greater Noida West- 201301,Uttar Pradesh,Noida,
